region_id,region_name,state,population,households,population_density_km2,median_income_usd,education_index,urban_rural_flag,dsl_coverage_pct,avg_dsl_speed_mbps,competitor_fiber_presence,complaint_rate_pct,churn_rate_pct,broadband_adoption_pct,avg_monthly_data_gb,terrain_slope_deg,road_density_km_per_km2,existing_backhaul_distance_km
REG-001,Region 1,Indiana,"105,347.00","50,881.00",471.95,"$49,802.82",0.51,Rural,56.10,33.76,2.00,17.99,3.68,71.74,218.22,5.32,0.56,1.96
REG-002,Region 2,Indiana,"117,546.00","9,720.00",215.84,"$85,395.60",0.79,Urban,84.31,42.84,0.00,17.48,3.00,87.70,198.65,5.45,0.58,5.25
REG-003,Region 3,Indiana,"93,145.00","11,681.00",451.64,"$60,459.99",0.86,Urban,42.77,48.74,0.00,17.08,5.58,71.10,157.78,11.10,1.90,6.37
REG-004,Region 4,Indiana,"77,709.00","45,908.00",762.94,"$86,600.27",0.41,Rural,64.80,43.68,2.00,18.04,6.19,65.38,314.29,7.31,1.60,6.81
REG-005,Region 5,Indiana,"101,688.00","55,056.00",503.15,"$41,937.07",0.43,Rural,54.39,43.94,3.00,6.68,3.92,74.47,246.75,6.83,1.34,2.01
REG-006,Region 6,Indiana,"133,510.00","42,999.00",488.45,"$67,554.42",0.44,Rural,42.25,26.67,3.00,8.74,5.89,54.96,166.50,11.29,1.32,8.09
REG-007,Region 7,Indiana,"27,734.00","59,111.00",516.30,"$65,065.17",0.81,Urban,50.80,17.62,3.00,2.46,9.75,59.43,252.23,9.12,1.61,3.35
REG-008,Region 8,Indiana,"102,211.00","15,844.00",72.77,"$69,073.58",0.83,Rural,43.50,31.83,1.00,4.07,5.25,56.42,343.90,10.96,2.31,1.39
REG-009,Region 9,Indiana,"147,507.00","15,587.00",619.39,"$40,794.97",0.52,Urban,56.31,38.35,3.00,3.66,7.96,55.62,265.70,6.25,2.53,3.49
REG-010,Region 10,Indiana,"21,336.00","53,929.00",563.61,"$84,787.62",0.76,Rural,89.63,44.01,1.00,13.94,5.75,83.00,281.25,1.63,2.35,9.51
REG-011,Region 11,Indiana,"32,872.00","11,532.00",335.19,"$69,599.88",0.74,Urban,51.13,32.33,3.00,14.50,6.70,58.79,347.15,7.23,2.35,5.40
REG-012,Region 12,Indiana,"130,109.00","32,071.00",540.21,"$69,779.53",0.64,Rural,53.76,47.30,3.00,8.38,7.43,59.78,454.79,7.72,2.13,8.51
REG-013,Region 13,Indiana,"105,736.00","38,976.00",585.90,"$68,092.59",0.79,Urban,70.60,34.77,1.00,7.25,4.67,77.55,483.92,1.12,1.18,5.85
REG-014,Region 14,Indiana,"29,480.00","46,132.00",513.74,"$45,264.80",0.68,Urban,81.74,19.67,3.00,3.25,4.81,61.75,275.97,10.48,1.12,8.57
REG-015,Region 15,Indiana,"53,650.00","52,988.00",744.42,"$76,779.85",0.77,Rural,53.50,43.25,0.00,10.63,3.82,57.28,305.42,3.71,2.10,7.74
REG-016,Region 16,Indiana,"60,164.00","13,047.00",292.81,"$89,519.15",0.46,Urban,81.01,19.66,0.00,3.08,4.26,50.95,404.26,0.65,2.36,5.79
REG-017,Region 17,Indiana,"125,914.00","16,038.00",404.74,"$40,078.10",0.80,Rural,54.62,35.96,0.00,10.49,3.82,78.99,488.58,6.39,0.54,7.96
REG-018,Region 18,Indiana,"59,991.00","11,342.00",508.01,"$45,136.87",0.51,Rural,64.19,39.46,1.00,12.56,8.59,53.18,205.99,5.84,2.87,6.42
REG-019,Region 19,Indiana,"59,862.00","46,021.00",304.55,"$46,186.79",0.53,Rural,64.17,31.02,3.00,16.76,6.84,52.00,162.87,9.40,1.46,6.48
REG-020,Region 20,Indiana,"109,949.00","15,331.00",133.23,"$85,440.77",0.64,Urban,68.58,32.22,3.00,16.03,7.81,71.30,324.03,11.35,1.34,2.30
REG-021,Region 21,Indiana,"81,916.00","28,089.00",599.48,"$80,784.80",0.89,Urban,78.95,26.37,0.00,17.85,5.69,71.85,177.56,11.33,1.10,6.95
REG-022,Region 22,Indiana,"81,435.00","5,530.00",151.88,"$42,771.47",0.57,Urban,81.69,38.45,2.00,9.37,7.43,56.76,309.44,6.85,2.63,4.58
REG-023,Region 23,Indiana,"55,740.00","10,083.00",730.49,"$71,605.38",0.85,Urban,60.49,24.90,1.00,6.12,5.99,54.20,264.97,7.81,0.98,6.15
REG-024,Region 24,Indiana,"70,657.00","7,938.00",766.03,"$87,403.36",0.76,Rural,43.62,45.96,2.00,11.59,9.94,61.69,460.52,6.23,2.12,9.50
REG-025,Region 25,Indiana,"85,911.00","31,391.00",597.85,"$64,024.39",0.53,Urban,59.06,39.11,2.00,7.34,6.55,57.17,471.84,8.37,2.85,1.65
REG-026,Region 26,Indiana,"140,841.00","53,160.00",503.04,"$78,931.01",0.62,Urban,83.91,21.24,3.00,8.20,4.17,77.16,277.12,3.51,2.79,6.85
REG-027,Region 27,Indiana,"48,646.00","23,711.00",557.89,"$44,794.99",0.47,Urban,86.74,30.82,2.00,13.07,3.18,54.58,194.79,5.96,1.66,4.55
REG-028,Region 28,Indiana,"115,142.00","42,992.00",175.20,"$55,010.34",0.74,Rural,87.83,48.32,2.00,8.09,3.26,71.24,462.13,4.25,2.40,4.54
REG-029,Region 29,Indiana,"28,551.00","45,466.00",286.24,"$40,081.02",0.58,Rural,57.40,16.16,0.00,14.97,3.20,61.79,254.75,7.03,2.81,5.92
REG-030,Region 30,Indiana,"103,283.00","15,161.00",591.26,"$62,793.48",0.76,Urban,87.74,30.16,3.00,16.39,9.95,60.64,199.04,7.20,0.79,7.85
REG-031,Region 31,Indiana,"134,303.00","56,303.00",181.94,"$88,666.26",0.69,Urban,41.47,29.25,0.00,7.55,9.25,88.94,196.72,4.07,2.73,5.40
REG-032,Region 32,Indiana,"134,615.00","20,033.00",365.74,"$84,218.16",0.77,Urban,52.58,12.17,2.00,14.29,6.48,52.05,356.02,9.00,1.32,7.12
REG-033,Region 33,Indiana,"24,763.00","26,794.00",137.38,"$48,163.60",0.54,Rural,43.36,21.96,2.00,16.67,6.52,70.71,347.25,7.17,2.36,6.66
REG-034,Region 34,Indiana,"71,010.00","51,976.00",744.09,"$67,373.97",0.50,Rural,59.28,39.04,1.00,10.19,7.21,51.42,388.83,4.40,2.91,7.24
REG-035,Region 35,Indiana,"49,032.00","26,107.00",716.07,"$51,453.27",0.78,Urban,70.02,37.79,1.00,12.68,6.60,63.12,311.32,10.48,1.69,9.81
REG-036,Region 36,Indiana,"99,663.00","33,427.00",493.79,"$51,236.55",0.53,Rural,87.08,32.82,1.00,17.26,9.07,51.18,472.90,6.28,2.18,6.83
REG-037,Region 37,Indiana,"66,678.00","41,468.00",55.99,"$47,495.38",0.80,Rural,47.99,16.69,0.00,8.34,7.36,54.90,405.79,6.02,1.15,4.63
REG-038,Region 38,Indiana,"29,182.00","5,075.00",229.39,"$67,625.42",0.69,Rural,75.00,18.69,2.00,5.52,4.26,79.00,464.40,4.85,0.66,2.32
REG-039,Region 39,Indiana,"33,448.00","43,033.00",291.28,"$84,666.38",0.77,Rural,65.22,17.87,0.00,15.48,4.90,70.11,339.96,6.99,2.76,7.75
REG-040,Region 40,Indiana,"15,076.00","37,321.00",696.19,"$71,448.45",0.70,Rural,73.50,45.01,0.00,6.56,4.54,50.39,336.72,5.27,1.60,3.29
REG-041,Region 41,Indiana,"75,144.00","33,296.00",537.27,"$40,362.03",0.59,Urban,67.28,34.57,0.00,8.48,8.78,67.35,282.15,8.31,1.25,1.33
REG-042,Region 42,Indiana,"32,061.00","35,781.00",636.54,"$81,088.68",0.87,Urban,85.14,23.73,3.00,6.08,4.92,80.84,230.31,6.07,0.90,8.15
REG-043,Region 43,Indiana,"73,015.00","35,537.00",486.53,"$70,344.89",0.64,Urban,56.20,21.37,2.00,7.48,4.15,89.81,170.99,0.72,1.03,2.22
REG-044,Region 44,Indiana,"120,606.00","13,159.00",357.86,"$75,058.35",0.48,Urban,71.66,12.46,0.00,14.31,7.93,63.07,408.57,1.86,0.84,2.22
REG-045,Region 45,Indiana,"93,597.00","42,510.00",341.69,"$63,226.30",0.54,Rural,57.27,31.08,3.00,6.01,8.41,53.63,417.40,4.86,1.42,7.44
REG-046,Region 46,Indiana,"149,881.00","14,685.00",518.14,"$65,109.93",0.41,Rural,68.01,16.62,1.00,12.37,3.29,53.33,410.93,8.39,1.73,2.88
REG-047,Region 47,Indiana,"107,855.00","49,742.00",771.41,"$67,159.12",0.87,Urban,75.70,27.72,2.00,12.38,7.06,81.75,241.90,8.37,2.41,9.57
REG-048,Region 48,Indiana,"68,273.00","50,665.00",99.95,"$51,084.84",0.65,Urban,85.93,13.07,3.00,3.51,9.39,66.16,208.21,9.15,1.42,6.99
REG-049,Region 49,Indiana,"69,819.00","36,122.00",231.13,"$40,972.76",0.56,Urban,88.88,44.68,2.00,5.56,8.01,77.92,390.48,4.26,2.79,2.20
REG-050,Region 50,Indiana,"68,838.00","57,583.00",243.40,"$44,658.85",0.85,Rural,42.30,38.98,2.00,11.44,5.51,74.08,364.40,3.53,2.19,6.66
REG-051,Region 51,Indiana,"24,974.00","45,936.00",511.07,"$87,601.32",0.49,Urban,56.48,29.08,3.00,6.73,8.75,83.45,274.17,8.78,2.56,4.32
REG-052,Region 52,Indiana,"14,394.00","11,214.00",633.75,"$60,775.36",0.89,Rural,83.11,27.06,2.00,7.24,6.49,50.79,475.05,11.28,2.32,2.76
REG-053,Region 53,Indiana,"20,889.00","28,299.00",202.78,"$83,262.77",0.87,Rural,77.04,11.10,2.00,4.74,8.90,71.05,305.97,6.43,0.69,1.81
REG-054,Region 54,Indiana,"134,299.00","32,200.00",738.37,"$89,074.56",0.56,Rural,57.38,25.85,1.00,7.89,3.56,74.35,423.76,3.69,1.72,7.62
REG-055,Region 55,Indiana,"117,842.00","5,615.00",701.33,"$74,259.48",0.87,Rural,50.69,27.65,1.00,18.12,7.65,69.02,305.93,4.49,1.46,1.42
REG-056,Region 56,Indiana,"145,912.00","47,852.00",444.98,"$51,900.37",0.57,Urban,89.78,29.54,0.00,5.78,6.88,66.65,311.39,3.25,1.44,4.77
REG-057,Region 57,Indiana,"110,511.00","48,907.00",520.39,"$48,809.68",0.54,Urban,43.49,31.70,1.00,12.65,8.36,54.28,254.19,7.54,2.14,3.60
REG-058,Region 58,Indiana,"56,993.00","4,124.00",607.01,"$74,956.76",0.68,Rural,43.64,24.26,1.00,15.68,4.70,89.19,362.18,2.02,1.48,4.73
REG-059,Region 59,Indiana,"116,974.00","34,560.00",440.66,"$46,177.36",0.52,Rural,60.63,48.03,1.00,7.95,7.55,87.50,291.35,9.25,1.58,3.26
REG-060,Region 60,Indiana,"74,297.00","24,007.00",59.49,"$40,266.67",0.62,Rural,73.91,16.98,3.00,12.46,8.06,86.46,323.99,1.04,1.33,3.38
REG-061,Region 61,Indiana,"109,451.00","42,069.00",367.84,"$69,185.05",0.56,Rural,54.54,23.33,3.00,19.14,5.78,53.81,212.87,9.24,2.17,6.08
REG-062,Region 62,Indiana,"10,477.00","39,643.00",333.78,"$78,740.76",0.54,Urban,58.88,16.32,1.00,11.76,4.18,72.50,267.06,3.79,1.73,9.23
REG-063,Region 63,Indiana,"141,395.00","15,573.00",537.92,"$73,608.46",0.65,Urban,54.22,40.60,2.00,10.59,4.21,88.83,233.50,11.93,1.00,8.48
REG-064,Region 64,Indiana,"97,632.00","45,738.00",243.27,"$49,384.94",0.57,Urban,44.36,17.11,2.00,10.27,8.13,76.20,166.81,7.40,2.71,8.28
REG-065,Region 65,Indiana,"106,096.00","34,634.00",584.60,"$61,834.18",0.69,Rural,66.98,22.02,2.00,17.24,6.26,62.81,418.42,1.34,1.69,8.25
REG-066,Region 66,Indiana,"142,527.00","13,287.00",773.15,"$58,897.54",0.61,Urban,82.44,28.51,1.00,8.56,5.60,85.01,290.57,4.76,2.80,3.23
REG-067,Region 67,Indiana,"47,555.00","4,637.00",287.32,"$65,528.89",0.59,Urban,53.15,10.95,2.00,10.87,6.49,86.08,219.52,1.59,2.07,3.53
REG-068,Region 68,Indiana,"41,496.00","50,280.00",176.88,"$45,289.33",0.48,Urban,61.81,37.72,1.00,9.71,8.24,53.25,367.03,10.66,1.57,8.31
REG-069,Region 69,Indiana,"134,024.00","52,240.00",610.47,"$84,237.40",0.69,Urban,48.93,38.74,1.00,15.26,3.57,76.58,471.80,9.13,2.20,7.68
REG-070,Region 70,Indiana,"64,409.00","52,798.00",776.47,"$82,717.13",0.53,Urban,52.87,14.94,1.00,17.04,8.95,89.87,202.49,9.39,2.95,1.46
REG-071,Region 71,Indiana,"110,108.00","17,816.00",549.66,"$40,157.16",0.63,Rural,80.60,14.89,0.00,15.21,8.02,77.00,494.46,4.18,2.70,2.38
REG-072,Region 72,Indiana,"54,918.00","23,644.00",798.25,"$82,246.61",0.74,Urban,85.85,28.76,2.00,8.43,5.09,79.79,211.84,7.92,2.13,7.07
REG-073,Region 73,Indiana,"147,942.00","40,440.00",589.68,"$50,165.66",0.57,Rural,77.64,12.60,1.00,16.02,3.49,56.25,304.20,1.70,2.49,1.66
REG-074,Region 74,Indiana,"60,163.00","6,201.00",471.94,"$62,512.19",0.79,Urban,55.64,35.73,3.00,16.64,8.89,54.19,288.51,2.98,2.56,6.38
REG-075,Region 75,Indiana,"149,489.00","53,517.00",165.18,"$44,817.32",0.61,Urban,43.92,36.84,0.00,12.49,8.30,53.64,198.42,1.66,2.42,1.76
REG-076,Region 76,Indiana,"80,205.00","20,040.00",749.07,"$57,704.89",0.61,Rural,82.93,24.50,2.00,19.85,9.78,72.67,398.58,3.73,2.92,2.44
REG-077,Region 77,Indiana,"146,746.00","54,944.00",136.92,"$80,294.28",0.67,Rural,73.88,49.50,0.00,12.41,9.84,54.86,354.76,10.29,1.53,4.76
REG-078,Region 78,Indiana,"24,690.00","44,718.00",647.94,"$63,785.10",0.71,Rural,46.94,30.87,0.00,14.38,4.13,53.47,362.81,10.76,2.93,8.43
REG-079,Region 79,Indiana,"36,498.00","21,343.00",299.86,"$59,952.40",0.42,Urban,52.81,36.16,1.00,5.99,8.57,69.48,259.74,2.29,2.23,3.71
REG-080,Region 80,Indiana,"75,784.00","23,359.00",395.47,"$83,369.18",0.59,Rural,86.55,44.64,3.00,17.75,5.18,51.49,181.86,7.03,2.26,9.02
REG-081,Region 81,Indiana,"101,904.00","8,398.00",696.80,"$87,288.24",0.46,Urban,69.15,42.43,1.00,15.97,6.60,52.21,415.08,7.15,1.00,9.74
REG-082,Region 82,Indiana,"108,145.00","20,178.00",124.15,"$66,051.64",0.52,Rural,47.74,42.85,2.00,17.82,9.61,69.32,194.43,0.99,1.72,4.24
REG-083,Region 83,Indiana,"55,633.00","18,212.00",316.64,"$55,596.46",0.56,Urban,81.33,30.69,3.00,11.90,9.20,73.13,317.43,7.04,2.66,8.88
REG-084,Region 84,Indiana,"61,257.00","44,708.00",576.39,"$79,150.36",0.69,Urban,80.54,31.61,2.00,16.20,8.88,85.45,387.60,4.13,1.19,5.50
REG-085,Region 85,Indiana,"63,140.00","18,495.00",250.92,"$78,640.83",0.89,Urban,84.88,39.27,2.00,5.85,9.97,68.69,390.12,4.59,1.39,3.37
REG-086,Region 86,Indiana,"96,721.00","11,717.00",660.54,"$80,825.41",0.83,Urban,61.75,47.38,0.00,2.14,4.31,65.34,313.09,2.98,2.09,4.18
REG-087,Region 87,Indiana,"116,491.00","57,795.00",241.77,"$89,529.29",0.71,Rural,65.42,29.68,3.00,5.64,5.53,70.00,155.68,11.11,0.74,8.69
REG-088,Region 88,Indiana,"147,570.00","39,220.00",161.33,"$79,981.41",0.82,Urban,65.18,39.71,0.00,3.18,8.99,64.17,268.65,1.14,2.11,4.98
REG-089,Region 89,Indiana,"80,097.00","24,884.00",379.22,"$75,790.44",0.48,Urban,52.42,40.77,0.00,6.87,4.60,64.74,375.63,9.65,1.65,3.77
REG-090,Region 90,Indiana,"139,408.00","59,715.00",756.95,"$62,037.71",0.80,Urban,55.15,42.91,3.00,18.70,4.84,82.48,181.63,2.43,2.54,9.35
REG-091,Region 91,Indiana,"135,339.00","49,419.00",93.67,"$66,161.57",0.48,Rural,57.44,36.51,2.00,16.98,5.31,69.65,368.08,3.17,0.72,2.02
REG-092,Region 92,Indiana,"102,858.00","24,799.00",537.32,"$59,200.08",0.53,Urban,49.59,31.60,3.00,11.36,5.81,86.68,218.43,6.94,1.51,8.23
REG-093,Region 93,Indiana,"134,709.00","7,701.00",287.83,"$41,484.93",0.53,Urban,68.71,16.81,1.00,13.04,7.37,83.46,361.66,8.88,1.00,1.91
REG-094,Region 94,Indiana,"149,486.00","49,172.00",169.00,"$89,628.64",0.44,Urban,71.30,13.60,0.00,3.08,9.83,54.62,404.85,0.99,1.30,1.59
REG-095,Region 95,Indiana,"63,011.00","23,598.00",412.12,"$75,703.35",0.51,Urban,45.54,36.41,1.00,19.40,4.33,85.17,251.18,0.27,0.93,7.74
REG-096,Region 96,Indiana,"12,312.00","49,089.00",173.28,"$55,999.80",0.78,Rural,85.56,11.84,2.00,12.91,5.24,77.96,158.06,11.51,2.67,8.54
REG-097,Region 97,Indiana,"119,669.00","18,492.00",460.26,"$74,328.67",0.46,Urban,45.97,20.72,0.00,12.70,7.33,73.06,328.37,4.81,2.13,5.54
REG-098,Region 98,Indiana,"147,255.00","54,671.00",410.35,"$88,607.19",0.59,Rural,43.93,47.66,0.00,17.10,5.42,52.57,496.74,4.31,2.95,3.15
REG-099,Region 99,Indiana,"128,952.00","5,118.00",225.67,"$42,691.74",0.85,Rural,85.70,25.38,2.00,15.41,9.98,65.59,364.64,11.35,1.52,8.75
REG-100,Region 100,Indiana,"149,029.00","26,425.00",457.25,"$84,441.86",0.62,Urban,57.41,42.73,0.00,4.47,6.78,84.12,186.16,9.21,1.34,3.86
REG-101,Region 101,Indiana,"145,352.00","35,424.00",790.46,"$60,395.99",0.50,Rural,66.41,17.71,1.00,7.20,8.29,73.19,491.77,6.94,1.80,9.02
REG-102,Region 102,Indiana,"107,040.00","27,404.00",573.31,"$51,471.83",0.55,Rural,48.21,28.61,3.00,6.51,3.32,64.41,175.93,4.35,2.94,8.46
REG-103,Region 103,Indiana,"106,918.00","58,249.00",760.74,"$47,929.62",0.48,Urban,42.41,25.80,1.00,18.17,6.32,77.05,399.06,3.19,1.57,9.84
REG-104,Region 104,Indiana,"120,600.00","35,132.00",280.71,"$70,650.30",0.52,Rural,62.76,43.92,0.00,18.74,5.27,75.82,349.59,4.66,2.51,5.36
REG-105,Region 105,Indiana,"90,199.00","47,612.00",676.84,"$52,482.12",0.83,Urban,79.18,35.39,0.00,17.45,3.13,64.68,456.68,6.66,1.34,2.02
REG-106,Region 106,Indiana,"74,150.00","57,014.00",416.49,"$42,496.97",0.41,Urban,49.13,41.18,3.00,10.80,3.31,59.11,241.00,7.26,2.80,1.34
REG-107,Region 107,Indiana,"107,073.00","31,900.00",690.86,"$76,823.83",0.79,Rural,71.30,28.20,0.00,18.90,6.57,89.84,222.93,6.20,0.96,8.29
REG-108,Region 108,Indiana,"61,914.00","42,703.00",369.81,"$76,033.99",0.85,Rural,87.14,11.86,2.00,15.34,4.67,56.16,179.46,2.95,1.28,2.51
REG-109,Region 109,Indiana,"110,874.00","45,642.00",489.27,"$88,837.57",0.41,Urban,88.54,47.79,2.00,12.56,5.59,77.94,438.06,10.32,0.76,8.78
REG-110,Region 110,Indiana,"69,317.00","38,966.00",797.52,"$78,793.45",0.74,Urban,71.92,21.87,3.00,12.51,4.75,81.09,290.89,2.50,1.33,1.17
REG-111,Region 111,Indiana,"92,927.00","37,626.00",784.29,"$67,244.76",0.89,Rural,45.73,28.69,1.00,12.51,7.75,80.09,347.00,2.40,0.75,1.44
REG-112,Region 112,Indiana,"102,289.00","40,027.00",420.91,"$68,931.42",0.86,Urban,63.05,46.71,3.00,14.10,7.45,77.03,374.41,4.26,2.83,7.45
REG-113,Region 113,Indiana,"42,969.00","34,383.00",744.84,"$49,765.95",0.45,Urban,88.08,17.87,3.00,15.05,6.53,88.85,211.59,3.88,0.77,1.44
REG-114,Region 114,Indiana,"94,323.00","39,458.00",534.66,"$69,497.08",0.57,Urban,63.59,31.93,1.00,13.66,3.09,54.32,240.30,9.40,0.83,7.26
REG-115,Region 115,Indiana,"128,611.00","34,624.00",705.74,"$82,561.85",0.41,Urban,79.47,42.10,1.00,8.03,6.66,55.74,389.86,0.26,1.12,9.35
REG-116,Region 116,Indiana,"111,134.00","33,056.00",654.88,"$78,602.57",0.77,Urban,45.91,49.09,3.00,4.09,6.96,69.30,159.26,7.32,2.01,6.34
REG-117,Region 117,Indiana,"67,178.00","59,501.00",174.57,"$45,167.00",0.49,Urban,60.95,25.28,1.00,18.30,6.91,60.49,398.17,4.05,1.30,1.97
REG-118,Region 118,Indiana,"87,770.00","18,581.00",550.64,"$70,681.89",0.46,Rural,42.70,44.19,3.00,12.30,9.33,88.20,456.62,5.94,1.92,4.54
REG-119,Region 119,Indiana,"46,559.00","52,897.00",148.72,"$60,915.47",0.77,Urban,67.38,48.74,1.00,3.75,4.33,62.34,440.83,4.42,0.69,7.91
REG-120,Region 120,Indiana,"37,969.00","26,630.00",532.71,"$72,132.74",0.72,Urban,68.30,35.46,3.00,9.39,6.33,84.89,278.49,8.61,2.28,4.63
REG-121,Region 121,Indiana,"136,885.00","19,647.00",277.12,"$44,726.31",0.72,Rural,59.95,27.45,1.00,5.19,3.73,77.68,256.47,0.87,0.76,4.15
REG-122,Region 122,Indiana,"106,142.00","25,046.00",704.97,"$61,503.81",0.51,Urban,40.46,46.67,0.00,10.60,9.89,83.17,238.48,3.42,1.16,1.73
REG-123,Region 123,Indiana,"149,458.00","25,599.00",665.12,"$71,455.07",0.83,Rural,42.69,33.16,2.00,18.87,7.97,76.75,364.17,8.55,2.25,8.67
REG-124,Region 124,Indiana,"83,023.00","45,866.00",250.59,"$77,846.94",0.63,Urban,40.62,36.50,0.00,12.17,7.39,60.20,418.17,8.29,2.95,2.07
REG-125,Region 125,Indiana,"72,881.00","34,579.00",537.90,"$72,977.20",0.79,Urban,85.04,44.43,2.00,13.21,4.13,88.76,224.15,9.13,1.40,3.50
REG-126,Region 126,Indiana,"38,585.00","56,163.00",196.93,"$42,401.65",0.68,Urban,72.77,47.94,2.00,15.10,3.43,63.70,196.76,9.62,1.12,2.61
REG-127,Region 127,Indiana,"59,595.00","20,843.00",165.98,"$58,367.84",0.68,Rural,42.07,30.13,3.00,5.88,9.80,54.59,385.74,11.50,2.96,5.85
REG-128,Region 128,Indiana,"82,375.00","44,418.00",152.90,"$41,783.02",0.42,Rural,75.17,24.58,0.00,17.88,7.20,67.92,443.32,7.27,0.72,6.25
REG-129,Region 129,Indiana,"74,980.00","30,828.00",572.55,"$84,809.47",0.49,Rural,46.46,46.97,0.00,14.59,5.26,75.09,349.35,7.24,2.62,7.08
REG-130,Region 130,Indiana,"43,275.00","21,629.00",361.12,"$70,857.19",0.54,Urban,58.37,38.19,1.00,17.01,6.80,74.74,436.59,7.17,1.81,9.87
REG-131,Region 131,Indiana,"52,195.00","25,787.00",116.28,"$74,034.19",0.43,Urban,71.20,17.51,1.00,12.42,3.43,88.79,388.02,5.39,1.40,4.72
REG-132,Region 132,Indiana,"80,728.00","8,534.00",522.40,"$51,322.57",0.87,Urban,71.31,29.46,0.00,3.81,3.43,62.01,487.23,11.29,1.16,1.33
REG-133,Region 133,Indiana,"68,995.00","7,561.00",558.45,"$67,877.69",0.72,Urban,52.35,34.47,2.00,8.93,3.09,79.05,382.35,2.74,2.10,4.33
REG-134,Region 134,Indiana,"36,606.00","8,790.00",659.38,"$74,059.25",0.55,Urban,47.63,43.56,2.00,14.46,9.06,73.47,304.37,11.93,1.22,1.15
REG-135,Region 135,Indiana,"94,637.00","10,552.00",715.71,"$47,213.59",0.51,Rural,59.10,19.08,0.00,2.85,5.83,89.01,380.63,9.23,1.16,7.67
REG-136,Region 136,Indiana,"110,408.00","51,592.00",598.08,"$79,576.95",0.70,Urban,68.43,34.45,2.00,7.12,8.27,87.52,333.48,4.74,1.99,3.56
REG-137,Region 137,Indiana,"74,507.00","42,129.00",663.07,"$72,718.89",0.70,Rural,86.71,16.94,3.00,14.42,5.96,83.40,257.52,4.89,2.57,1.21
REG-138,Region 138,Indiana,"128,691.00","57,835.00",597.11,"$83,900.46",0.49,Urban,64.68,24.41,0.00,13.14,3.74,55.52,479.57,3.15,1.21,9.14
REG-139,Region 139,Indiana,"57,567.00","38,854.00",428.49,"$89,031.06",0.71,Rural,43.48,40.36,1.00,13.16,9.42,86.19,436.59,3.43,0.66,8.54
REG-140,Region 140,Indiana,"88,403.00","11,861.00",380.56,"$68,104.05",0.65,Rural,52.52,31.26,0.00,5.27,5.53,63.58,225.56,5.46,2.97,9.47
REG-141,Region 141,Indiana,"75,770.00","11,211.00",425.75,"$70,614.65",0.84,Urban,80.93,44.38,1.00,3.54,4.72,83.11,429.00,2.85,1.45,6.04
REG-142,Region 142,Indiana,"121,506.00","58,341.00",132.44,"$51,760.01",0.45,Rural,64.81,17.79,1.00,13.69,7.71,84.15,302.14,1.77,1.41,9.89
REG-143,Region 143,Indiana,"53,172.00","12,052.00",237.35,"$80,848.75",0.87,Rural,59.89,30.09,3.00,9.91,6.98,79.68,152.58,7.18,1.75,3.04
REG-144,Region 144,Indiana,"113,071.00","32,564.00",393.19,"$50,162.92",0.51,Rural,48.53,13.32,3.00,18.76,9.30,63.73,290.80,7.41,2.65,3.33
REG-145,Region 145,Indiana,"28,221.00","33,509.00",670.59,"$64,272.23",0.68,Urban,57.78,38.55,3.00,9.64,9.37,57.44,307.73,7.54,2.17,5.72
REG-146,Region 146,Indiana,"62,405.00","43,406.00",723.40,"$71,456.32",0.50,Urban,82.84,20.71,0.00,15.02,3.33,71.40,285.34,9.14,2.07,8.97
REG-147,Region 147,Indiana,"70,945.00","9,498.00",454.99,"$49,939.29",0.80,Urban,55.40,34.26,0.00,19.79,7.17,51.03,469.02,8.02,0.63,8.30
REG-148,Region 148,Indiana,"27,208.00","8,787.00",308.57,"$46,681.90",0.86,Urban,81.88,31.14,1.00,10.82,3.99,54.66,434.54,10.09,2.31,8.87
REG-149,Region 149,Indiana,"91,657.00","4,401.00",367.25,"$67,750.77",0.61,Rural,62.66,16.69,1.00,17.35,3.10,68.23,280.42,10.30,0.55,6.53
REG-150,Region 150,Indiana,"49,127.00","33,280.00",222.20,"$55,808.31",0.69,Urban,79.32,29.88,0.00,13.35,3.29,70.13,433.72,1.68,2.85,2.86
REG-151,Region 151,Indiana,"98,982.00","5,806.00",670.17,"$54,470.69",0.66,Urban,68.03,21.95,2.00,10.35,8.13,64.75,375.95,9.62,0.57,3.05
REG-152,Region 152,Indiana,"53,812.00","38,366.00",353.43,"$41,942.94",0.52,Rural,47.63,41.14,2.00,12.05,8.57,50.28,226.23,10.53,1.38,3.02
REG-153,Region 153,Indiana,"79,995.00","8,190.00",497.33,"$46,505.21",0.70,Urban,78.51,20.60,1.00,12.87,4.13,80.38,399.64,9.71,1.57,4.38
REG-154,Region 154,Indiana,"125,208.00","7,213.00",628.81,"$47,714.00",0.62,Urban,51.40,29.13,0.00,5.61,9.08,85.55,310.87,8.00,1.40,9.14
REG-155,Region 155,Indiana,"100,046.00","15,808.00",243.21,"$57,197.88",0.60,Rural,87.97,19.82,1.00,9.11,4.80,50.28,255.14,7.62,1.02,2.67
REG-156,Region 156,Indiana,"92,445.00","43,273.00",203.54,"$43,398.98",0.60,Rural,75.96,21.85,2.00,13.06,8.73,50.07,273.74,10.62,1.62,6.25
REG-157,Region 157,Indiana,"143,172.00","42,308.00",314.07,"$66,030.16",0.65,Rural,76.26,42.42,2.00,9.72,8.66,77.57,428.57,3.29,0.84,1.13
REG-158,Region 158,Indiana,"93,378.00","4,731.00",255.27,"$80,788.54",0.44,Urban,70.18,42.81,2.00,8.52,6.98,55.16,304.66,9.76,2.32,5.88
REG-159,Region 159,Indiana,"18,259.00","20,247.00",418.37,"$48,777.00",0.83,Urban,73.92,27.88,2.00,2.18,3.00,60.62,488.92,6.52,2.22,8.34
REG-160,Region 160,Indiana,"148,876.00","44,873.00",237.31,"$57,985.10",0.47,Urban,81.48,22.95,0.00,4.02,7.14,54.38,218.11,7.04,2.87,2.82
REG-161,Region 161,Indiana,"72,407.00","53,081.00",630.00,"$51,114.78",0.88,Rural,80.80,13.60,0.00,9.00,5.45,66.51,489.26,4.43,2.94,1.10
REG-162,Region 162,Indiana,"52,055.00","55,487.00",109.91,"$73,552.19",0.66,Urban,75.80,48.19,1.00,12.82,7.50,58.64,330.36,6.99,1.64,3.50
REG-163,Region 163,Indiana,"116,318.00","26,934.00",760.51,"$80,319.23",0.50,Rural,87.94,19.12,3.00,7.70,8.71,68.02,359.20,2.53,2.13,3.21
REG-164,Region 164,Indiana,"148,314.00","4,411.00",75.83,"$70,310.08",0.75,Urban,88.15,26.95,1.00,14.09,3.85,62.77,356.87,1.69,1.85,6.85
REG-165,Region 165,Indiana,"47,904.00","33,966.00",671.90,"$54,149.51",0.47,Rural,76.96,29.17,3.00,11.30,6.51,76.72,463.90,2.54,1.56,7.70
REG-166,Region 166,Indiana,"43,886.00","6,559.00",627.62,"$72,170.04",0.75,Urban,75.39,11.56,0.00,3.28,9.76,60.57,162.62,0.94,2.28,4.77
REG-167,Region 167,Indiana,"56,102.00","36,934.00",468.11,"$47,059.66",0.47,Urban,61.95,27.21,1.00,3.11,9.33,56.92,405.77,7.12,2.70,6.97
REG-168,Region 168,Indiana,"60,068.00","11,822.00",164.68,"$78,004.90",0.65,Urban,51.69,19.31,0.00,9.32,9.06,63.37,388.42,5.59,1.30,8.57
REG-169,Region 169,Indiana,"120,872.00","45,975.00",422.23,"$57,833.88",0.63,Rural,65.80,42.30,3.00,13.50,6.64,80.45,468.74,8.85,0.64,8.24
REG-170,Region 170,Indiana,"44,352.00","26,094.00",791.71,"$62,121.81",0.41,Urban,68.18,38.48,3.00,4.29,3.08,84.17,322.30,8.54,2.31,1.61
REG-171,Region 171,Indiana,"123,479.00","16,107.00",738.76,"$57,051.75",0.50,Rural,68.39,46.98,1.00,13.68,8.24,59.23,372.61,11.93,1.97,7.74
REG-172,Region 172,Indiana,"118,618.00","22,335.00",439.76,"$49,023.52",0.63,Urban,76.71,11.49,2.00,15.47,5.68,66.93,453.53,3.22,2.04,2.83
REG-173,Region 173,Indiana,"62,746.00","5,568.00",461.31,"$53,868.27",0.53,Rural,64.00,40.20,0.00,17.30,9.10,50.17,470.19,6.47,2.67,1.78
REG-174,Region 174,Indiana,"54,212.00","26,648.00",794.78,"$58,970.90",0.55,Urban,66.93,38.66,0.00,9.84,3.00,65.99,188.98,11.38,1.77,2.62
REG-175,Region 175,Indiana,"137,257.00","23,128.00",259.94,"$55,729.70",0.68,Rural,63.33,46.61,0.00,5.70,7.08,84.55,284.45,2.98,2.40,5.98
REG-176,Region 176,Indiana,"15,029.00","56,212.00",626.98,"$73,454.96",0.55,Rural,47.99,11.16,0.00,6.38,8.14,73.75,361.51,11.97,1.79,7.77
REG-177,Region 177,Indiana,"138,312.00","39,529.00",63.36,"$67,616.83",0.53,Urban,68.91,12.12,1.00,2.94,9.38,62.80,498.04,3.49,1.11,8.66
REG-178,Region 178,Indiana,"134,462.00","21,425.00",708.36,"$51,885.03",0.73,Rural,45.03,27.83,1.00,8.49,3.11,82.20,467.47,4.33,0.86,6.49
REG-179,Region 179,Indiana,"61,903.00","49,449.00",669.58,"$83,700.35",0.56,Urban,57.78,39.64,2.00,16.56,4.48,78.32,336.51,0.56,2.42,3.81
REG-180,Region 180,Indiana,"91,638.00","31,202.00",364.35,"$80,489.57",0.52,Urban,65.56,45.69,2.00,16.31,9.51,85.46,415.60,0.10,0.56,6.73
REG-181,Region 181,Indiana,"12,128.00","47,112.00",323.54,"$58,222.93",0.78,Rural,47.73,20.96,1.00,9.76,4.52,66.39,282.06,9.14,0.54,5.39
REG-182,Region 182,Indiana,"116,647.00","43,375.00",377.75,"$66,850.93",0.87,Urban,42.55,14.19,1.00,2.05,8.26,72.45,368.56,8.55,1.55,4.11
REG-183,Region 183,Indiana,"118,214.00","20,744.00",386.22,"$70,166.69",0.89,Urban,69.54,49.63,0.00,14.40,3.55,76.46,255.18,3.28,1.24,6.03
REG-184,Region 184,Indiana,"35,148.00","30,618.00",759.41,"$52,400.91",0.76,Rural,73.35,19.80,2.00,2.63,8.22,79.25,206.27,6.84,1.86,3.79
REG-185,Region 185,Indiana,"147,061.00","50,011.00",59.08,"$60,299.88",0.88,Urban,54.95,16.15,1.00,3.17,4.36,87.60,418.73,11.63,0.81,4.90
REG-186,Region 186,Indiana,"36,981.00","42,273.00",300.73,"$80,634.08",0.68,Rural,42.09,16.76,1.00,14.70,3.88,78.62,259.21,11.19,2.24,9.17
REG-187,Region 187,Indiana,"122,215.00","50,961.00",125.70,"$77,101.53",0.48,Rural,67.95,16.22,0.00,6.13,3.19,76.03,372.20,1.26,2.81,3.30
REG-188,Region 188,Indiana,"86,338.00","26,833.00",462.71,"$43,603.56",0.78,Urban,59.38,27.63,3.00,6.32,7.34,51.89,340.29,7.11,0.57,1.40
REG-189,Region 189,Indiana,"96,290.00","39,486.00",465.30,"$77,625.88",0.86,Rural,88.56,34.54,2.00,19.34,9.45,82.19,456.80,3.35,0.79,3.53
REG-190,Region 190,Indiana,"23,063.00","32,181.00",781.58,"$44,226.92",0.52,Urban,56.41,35.76,2.00,12.15,4.00,57.36,162.72,4.78,1.68,4.84
REG-191,Region 191,Indiana,"117,492.00","16,577.00",460.84,"$78,147.58",0.69,Rural,43.12,47.79,1.00,18.46,6.20,86.42,407.87,5.52,2.68,3.72
REG-192,Region 192,Indiana,"40,440.00","52,132.00",128.90,"$64,062.37",0.79,Urban,87.36,24.99,2.00,3.03,8.91,78.83,351.95,10.50,1.50,7.16
REG-193,Region 193,Indiana,"72,450.00","36,521.00",285.65,"$51,152.04",0.89,Rural,52.86,38.99,2.00,11.34,3.83,51.68,461.81,9.25,0.52,9.47
REG-194,Region 194,Indiana,"66,024.00","57,893.00",402.90,"$53,742.89",0.84,Urban,62.48,40.97,3.00,11.44,7.72,58.36,372.78,3.69,1.63,1.38
REG-195,Region 195,Indiana,"18,254.00","54,745.00",329.19,"$89,779.70",0.89,Urban,50.88,26.05,1.00,9.65,6.07,51.03,456.26,6.31,0.91,8.07
REG-196,Region 196,Indiana,"58,486.00","51,266.00",487.41,"$85,774.92",0.48,Rural,81.18,46.53,1.00,16.91,4.79,79.12,424.06,3.36,1.11,1.89
REG-197,Region 197,Indiana,"30,862.00","16,362.00",315.29,"$62,806.42",0.41,Rural,89.59,40.87,0.00,6.03,4.88,72.74,268.02,6.05,1.95,6.35
REG-198,Region 198,Indiana,"29,319.00","19,948.00",542.78,"$85,117.16",0.77,Rural,73.44,33.23,2.00,14.99,7.68,54.77,227.41,7.59,1.33,7.10
REG-199,Region 199,Indiana,"130,150.00","51,351.00",664.84,"$57,510.57",0.50,Urban,52.80,40.78,3.00,14.96,9.46,73.37,452.47,10.19,2.22,2.58
REG-200,Region 200,Indiana,"40,338.00","33,003.00",755.32,"$74,736.32",0.83,Urban,74.18,12.50,2.00,14.55,6.24,52.80,255.66,10.01,0.79,5.29
REG-201,Region 201,Indiana,"148,210.00","5,462.00",627.98,"$69,151.38",0.63,Urban,65.37,38.89,2.00,12.69,4.09,58.40,262.36,11.00,0.78,1.42
REG-202,Region 202,Indiana,"85,255.00","58,857.00",231.81,"$52,733.93",0.80,Urban,50.23,24.75,1.00,18.88,6.67,88.18,469.05,0.55,1.36,3.60
REG-203,Region 203,Indiana,"112,962.00","52,630.00",571.19,"$61,502.09",0.47,Urban,73.75,13.68,2.00,9.51,5.51,89.47,281.31,10.84,2.89,8.82
REG-204,Region 204,Indiana,"90,340.00","14,747.00",203.22,"$69,588.50",0.54,Urban,69.10,14.80,0.00,11.99,9.77,62.82,276.77,8.57,0.81,2.91
REG-205,Region 205,Indiana,"71,446.00","8,934.00",473.63,"$67,364.32",0.57,Rural,53.75,26.28,3.00,7.45,8.02,50.03,253.91,8.65,2.50,8.28
REG-206,Region 206,Indiana,"65,468.00","38,660.00",765.74,"$65,564.77",0.81,Urban,87.27,11.37,3.00,5.09,5.40,74.56,334.33,10.77,2.94,5.11
REG-207,Region 207,Indiana,"145,925.00","49,016.00",515.34,"$54,399.50",0.60,Urban,70.07,16.20,2.00,16.95,7.68,67.14,267.34,4.53,2.73,9.32
REG-208,Region 208,Indiana,"53,873.00","4,438.00",52.69,"$84,284.19",0.48,Rural,64.97,18.41,0.00,18.18,7.29,52.23,150.06,5.76,1.09,3.77
REG-209,Region 209,Indiana,"53,541.00","25,830.00",641.22,"$67,962.64",0.80,Rural,77.14,29.47,2.00,13.64,4.69,55.31,195.95,1.67,2.35,1.34
REG-210,Region 210,Indiana,"83,319.00","26,925.00",739.45,"$52,170.27",0.65,Rural,81.78,42.91,1.00,6.18,8.38,87.57,373.61,4.78,2.53,7.30
REG-211,Region 211,Indiana,"44,907.00","45,246.00",536.27,"$44,468.99",0.42,Urban,51.95,10.34,3.00,15.15,9.63,85.92,487.89,11.42,2.51,2.82
REG-212,Region 212,Indiana,"136,832.00","6,015.00",733.21,"$47,776.51",0.63,Urban,76.83,31.09,1.00,15.93,7.02,67.27,304.67,8.83,1.51,3.49
REG-213,Region 213,Indiana,"135,307.00","40,636.00",408.20,"$81,000.65",0.83,Urban,52.17,15.14,3.00,8.84,5.58,84.81,441.81,3.46,2.26,7.18
REG-214,Region 214,Indiana,"126,637.00","40,838.00",615.78,"$52,605.40",0.50,Urban,43.68,11.12,3.00,11.18,4.98,58.95,460.95,9.06,2.00,7.73
REG-215,Region 215,Indiana,"62,221.00","8,267.00",240.52,"$42,432.07",0.61,Urban,55.80,32.60,3.00,5.69,3.59,77.51,297.70,10.71,2.10,9.22
REG-216,Region 216,Indiana,"91,798.00","12,781.00",512.51,"$55,885.28",0.88,Urban,84.38,29.36,1.00,9.63,7.75,72.06,172.09,4.45,2.13,5.77
REG-217,Region 217,Indiana,"65,679.00","49,961.00",508.69,"$57,244.74",0.80,Rural,86.26,49.27,1.00,3.66,4.33,89.66,230.25,10.65,2.73,2.91
REG-218,Region 218,Indiana,"97,114.00","25,926.00",789.91,"$40,710.36",0.82,Urban,70.63,18.93,1.00,17.94,6.36,72.40,361.47,8.37,1.54,8.52
REG-219,Region 219,Indiana,"131,459.00","19,045.00",599.64,"$46,682.52",0.73,Urban,45.49,19.20,3.00,13.91,3.12,55.41,307.53,11.57,1.62,5.61
REG-220,Region 220,Indiana,"46,460.00","16,733.00",461.49,"$68,335.16",0.46,Urban,77.32,45.84,1.00,13.78,9.69,87.27,490.14,9.04,1.71,8.59
REG-221,Region 221,Indiana,"68,279.00","30,139.00",218.31,"$43,856.69",0.69,Rural,59.51,46.79,0.00,13.46,8.80,57.76,197.13,10.54,2.04,4.36
REG-222,Region 222,Indiana,"41,696.00","52,179.00",621.73,"$81,423.35",0.65,Rural,72.20,39.71,2.00,2.92,8.93,71.51,377.57,3.78,2.43,3.80
REG-223,Region 223,Indiana,"56,386.00","17,505.00",136.85,"$57,177.85",0.59,Urban,73.12,31.54,2.00,6.40,5.90,89.14,320.39,4.98,1.37,5.75
REG-224,Region 224,Indiana,"27,803.00","45,228.00",194.11,"$58,053.90",0.58,Rural,84.67,17.50,2.00,8.02,7.18,51.69,358.56,3.02,0.95,7.99
REG-225,Region 225,Indiana,"16,201.00","28,841.00",712.93,"$89,172.57",0.60,Urban,89.35,43.97,0.00,16.21,7.49,83.00,453.59,10.79,2.74,1.41
REG-226,Region 226,Indiana,"51,455.00","24,353.00",314.68,"$57,073.69",0.55,Urban,50.66,23.83,3.00,16.91,6.11,58.14,201.27,5.71,2.96,6.18
REG-227,Region 227,Indiana,"14,046.00","31,527.00",664.97,"$59,862.46",0.61,Urban,77.23,17.63,0.00,6.89,8.67,77.56,412.34,7.81,1.39,9.51
REG-228,Region 228,Indiana,"144,072.00","44,391.00",288.58,"$68,163.71",0.70,Urban,77.36,12.11,1.00,7.00,3.93,64.77,342.96,11.96,1.29,9.19
REG-229,Region 229,Indiana,"11,492.00","41,701.00",594.06,"$46,548.07",0.81,Urban,66.60,13.67,0.00,10.66,8.57,51.33,496.57,8.18,1.76,7.08
REG-230,Region 230,Indiana,"81,878.00","43,932.00",516.07,"$42,352.74",0.44,Urban,44.03,12.79,0.00,14.51,7.37,67.34,204.75,4.04,2.92,4.22
REG-231,Region 231,Indiana,"38,199.00","48,854.00",495.15,"$42,195.60",0.52,Urban,48.60,21.83,1.00,11.30,9.32,81.24,196.68,10.91,1.94,3.81
REG-232,Region 232,Indiana,"25,158.00","59,825.00",383.01,"$57,699.73",0.79,Urban,54.34,19.62,2.00,19.70,8.59,87.08,388.52,6.37,1.04,6.99
REG-233,Region 233,Indiana,"77,368.00","42,243.00",131.03,"$62,724.09",0.74,Urban,57.19,17.48,0.00,18.56,3.89,74.73,371.24,9.22,2.91,4.73
REG-234,Region 234,Indiana,"93,060.00","15,325.00",769.21,"$77,012.71",0.44,Urban,41.96,47.31,3.00,16.21,9.92,59.35,433.61,10.73,1.72,3.78
REG-235,Region 235,Indiana,"127,531.00","6,535.00",791.59,"$71,355.74",0.84,Urban,45.77,26.80,2.00,16.92,7.17,82.04,282.10,5.10,1.16,9.03
REG-236,Region 236,Indiana,"40,225.00","37,175.00",749.26,"$86,476.70",0.74,Rural,88.17,27.47,1.00,4.54,6.28,87.75,174.69,4.99,2.25,5.42
REG-237,Region 237,Indiana,"113,952.00","36,052.00",70.73,"$51,822.46",0.54,Rural,71.17,34.83,0.00,12.70,6.37,83.02,461.00,1.64,1.17,1.23
REG-238,Region 238,Indiana,"110,425.00","33,692.00",341.43,"$42,589.37",0.71,Rural,85.31,21.16,0.00,9.34,8.01,87.90,176.33,8.26,2.15,4.51
REG-239,Region 239,Indiana,"89,808.00","13,139.00",607.25,"$73,390.39",0.85,Urban,53.31,29.88,3.00,4.40,9.31,75.05,440.69,5.16,1.86,3.62
REG-240,Region 240,Indiana,"57,525.00","14,128.00",103.47,"$43,101.32",0.43,Rural,85.31,25.07,1.00,12.78,4.03,77.70,421.48,0.98,2.22,4.98
REG-241,Region 241,Indiana,"140,877.00","20,722.00",298.77,"$46,543.51",0.72,Urban,54.20,11.37,0.00,19.61,5.28,73.46,325.51,3.97,2.49,6.93
REG-242,Region 242,Indiana,"31,797.00","49,210.00",794.38,"$69,404.91",0.88,Urban,46.81,49.85,0.00,2.71,3.43,56.87,168.61,3.52,0.58,5.62
REG-243,Region 243,Indiana,"125,687.00","32,039.00",134.82,"$60,916.41",0.45,Urban,53.95,33.31,2.00,11.89,4.94,58.84,289.16,4.83,2.37,6.16
REG-244,Region 244,Indiana,"123,847.00","18,829.00",355.16,"$89,731.45",0.68,Urban,50.30,32.07,1.00,19.61,4.23,79.41,391.64,5.00,0.51,1.34
REG-245,Region 245,Indiana,"20,628.00","6,621.00",569.83,"$54,689.56",0.58,Rural,65.68,38.92,2.00,7.37,9.45,57.61,173.64,0.69,1.88,9.23
REG-246,Region 246,Indiana,"143,253.00","30,906.00",772.42,"$43,712.65",0.85,Urban,83.91,11.42,2.00,6.28,5.07,73.73,362.15,8.66,0.81,3.18
REG-247,Region 247,Indiana,"139,011.00","33,447.00",223.54,"$57,255.01",0.62,Urban,53.95,36.03,0.00,18.38,6.72,50.45,234.99,6.81,0.84,3.82
REG-248,Region 248,Indiana,"18,372.00","17,784.00",696.73,"$76,578.54",0.57,Rural,85.59,11.53,1.00,11.18,9.77,69.21,182.99,2.31,1.40,6.31
REG-249,Region 249,Indiana,"116,300.00","7,871.00",606.29,"$80,300.44",0.50,Urban,51.15,13.78,3.00,8.98,7.85,60.32,382.15,2.34,2.04,5.05
REG-250,Region 250,Indiana,"112,976.00","14,436.00",213.00,"$64,808.35",0.70,Rural,85.76,27.35,3.00,3.00,5.39,82.00,390.58,3.28,1.65,1.97
REG-251,Region 251,Indiana,"111,128.00","51,158.00",373.72,"$52,616.99",0.44,Urban,54.31,36.32,0.00,15.43,4.95,84.14,156.39,4.92,3.00,6.34
REG-252,Region 252,Indiana,"61,945.00","16,799.00",792.87,"$61,006.32",0.55,Urban,63.87,12.42,3.00,16.90,6.65,56.44,465.58,0.36,1.00,8.15
REG-253,Region 253,Indiana,"102,240.00","23,164.00",518.26,"$50,164.85",0.75,Rural,81.24,35.84,1.00,5.44,9.81,67.28,457.64,8.08,1.39,1.78
REG-254,Region 254,Indiana,"100,114.00","26,830.00",522.67,"$66,885.91",0.44,Urban,83.54,20.23,1.00,11.79,7.00,59.66,436.27,6.19,0.99,7.97
REG-255,Region 255,Indiana,"49,821.00","46,284.00",480.29,"$51,008.47",0.69,Rural,61.69,38.61,3.00,17.98,8.82,54.67,438.05,10.53,0.51,1.60
REG-256,Region 256,Indiana,"133,249.00","48,821.00",549.09,"$82,331.33",0.41,Urban,85.87,39.93,3.00,14.96,7.08,59.49,428.99,11.21,2.91,8.73
REG-257,Region 257,Indiana,"119,793.00","18,058.00",268.52,"$53,792.83",0.82,Rural,41.24,18.82,2.00,5.88,4.46,52.19,489.10,9.08,2.13,7.88
REG-258,Region 258,Indiana,"56,558.00","45,153.00",220.13,"$69,480.50",0.75,Rural,59.83,27.83,1.00,3.89,9.31,68.43,466.20,3.84,2.50,8.91
REG-259,Region 259,Indiana,"148,095.00","51,206.00",508.94,"$66,770.69",0.83,Urban,59.02,29.21,3.00,8.01,7.25,65.90,154.57,3.09,1.77,9.82
REG-260,Region 260,Indiana,"85,767.00","9,360.00",579.57,"$51,771.96",0.49,Rural,69.47,48.15,2.00,14.09,9.56,58.49,407.94,0.30,2.42,6.83
REG-261,Region 261,Indiana,"14,994.00","19,097.00",415.24,"$46,626.12",0.66,Rural,43.78,35.42,2.00,16.14,9.33,55.86,199.29,2.00,2.09,7.66
REG-262,Region 262,Indiana,"146,036.00","30,098.00",691.24,"$56,347.63",0.58,Urban,56.72,13.89,3.00,15.04,5.68,52.31,264.66,1.54,2.30,2.75
REG-263,Region 263,Indiana,"147,756.00","23,303.00",631.99,"$47,914.06",0.60,Urban,57.67,26.85,0.00,15.35,6.75,79.94,260.44,7.84,0.85,5.77
REG-264,Region 264,Indiana,"35,383.00","24,739.00",794.45,"$69,284.09",0.46,Urban,58.52,27.44,3.00,19.77,7.60,81.09,235.81,6.30,1.09,9.61
REG-265,Region 265,Indiana,"61,634.00","57,133.00",660.69,"$50,295.48",0.88,Urban,40.34,41.04,0.00,14.96,7.03,51.39,407.46,9.32,0.65,1.07
REG-266,Region 266,Indiana,"141,889.00","42,746.00",541.82,"$66,017.68",0.80,Rural,62.19,10.43,3.00,10.09,8.46,52.34,195.36,9.42,2.99,7.01
REG-267,Region 267,Indiana,"42,707.00","32,431.00",723.93,"$67,485.92",0.58,Rural,41.92,34.03,0.00,17.18,3.28,73.87,160.63,10.82,2.51,1.39
REG-268,Region 268,Indiana,"11,142.00","9,204.00",324.61,"$83,107.32",0.68,Rural,54.48,43.77,1.00,2.73,6.67,57.26,163.91,9.07,1.03,3.70
REG-269,Region 269,Indiana,"135,844.00","56,083.00",409.46,"$70,855.23",0.51,Rural,46.35,35.96,0.00,3.48,4.59,53.95,492.29,6.55,1.07,9.03
REG-270,Region 270,Indiana,"30,132.00","8,242.00",191.28,"$78,999.96",0.45,Urban,66.81,10.70,0.00,13.76,3.61,79.44,290.05,8.18,1.26,8.58
REG-271,Region 271,Indiana,"46,936.00","13,239.00",708.97,"$46,930.86",0.43,Urban,48.12,30.41,0.00,18.62,8.14,73.60,283.01,8.26,0.78,5.14
REG-272,Region 272,Indiana,"101,327.00","58,089.00",169.83,"$80,663.32",0.74,Rural,64.31,40.86,1.00,13.57,8.42,67.51,257.72,6.03,2.46,1.29
REG-273,Region 273,Indiana,"110,576.00","4,735.00",691.20,"$45,338.70",0.45,Urban,50.66,38.17,3.00,2.99,5.48,52.69,244.47,10.59,1.97,7.43
REG-274,Region 274,Indiana,"52,878.00","59,620.00",101.43,"$45,304.51",0.55,Urban,51.42,40.51,3.00,8.62,5.21,71.71,384.47,7.23,0.92,9.23
REG-275,Region 275,Indiana,"71,038.00","53,679.00",485.81,"$66,630.68",0.78,Rural,69.34,45.63,1.00,7.85,3.35,75.17,450.70,3.63,1.77,2.83
REG-276,Region 276,Indiana,"107,982.00","39,419.00",778.35,"$86,216.18",0.42,Rural,75.04,41.84,1.00,17.63,8.66,59.31,154.53,0.15,2.12,1.02
REG-277,Region 277,Indiana,"106,946.00","34,642.00",651.41,"$63,620.40",0.50,Urban,72.34,17.40,3.00,2.67,4.78,81.98,313.20,3.23,2.50,9.91
REG-278,Region 278,Indiana,"87,154.00","54,196.00",72.72,"$83,377.70",0.89,Rural,84.96,34.86,1.00,7.99,8.22,52.36,287.54,6.23,2.05,5.03
REG-279,Region 279,Indiana,"79,249.00","52,886.00",531.60,"$83,858.45",0.63,Urban,43.73,10.65,2.00,19.52,7.33,70.62,298.70,2.24,1.68,6.23
REG-280,Region 280,Indiana,"11,858.00","21,718.00",301.90,"$64,864.66",0.64,Urban,84.54,27.01,2.00,7.30,6.84,65.56,430.40,3.87,2.36,2.10
REG-281,Region 281,Indiana,"79,532.00","49,800.00",406.18,"$41,398.65",0.52,Rural,47.09,30.63,3.00,5.41,3.86,61.27,476.01,9.00,2.40,1.26
REG-282,Region 282,Indiana,"15,793.00","8,555.00",192.46,"$50,431.86",0.80,Urban,67.07,46.88,1.00,6.33,6.44,57.97,488.77,3.24,1.30,9.60
REG-283,Region 283,Indiana,"68,469.00","43,385.00",421.80,"$70,555.57",0.52,Rural,77.07,28.74,0.00,14.93,3.01,65.85,376.01,4.75,0.84,7.95
REG-284,Region 284,Indiana,"36,750.00","10,803.00",737.93,"$72,957.89",0.56,Urban,81.87,34.13,2.00,6.29,9.29,60.82,270.59,7.58,2.75,4.29
REG-285,Region 285,Indiana,"95,525.00","24,618.00",449.55,"$62,971.21",0.78,Rural,65.11,42.75,3.00,16.02,8.04,70.09,307.69,11.42,1.86,5.74
REG-286,Region 286,Indiana,"109,602.00","48,110.00",763.00,"$51,911.29",0.69,Rural,60.85,32.60,1.00,5.85,9.85,68.17,468.92,5.36,1.03,3.55
REG-287,Region 287,Indiana,"57,704.00","42,006.00",601.06,"$62,022.21",0.71,Rural,65.26,46.94,2.00,5.57,5.70,70.43,317.06,9.74,2.86,9.81
REG-288,Region 288,Indiana,"34,782.00","35,612.00",545.05,"$52,159.99",0.84,Rural,41.67,44.26,0.00,11.35,6.61,64.32,448.84,4.91,0.51,7.08
REG-289,Region 289,Indiana,"44,410.00","17,071.00",577.60,"$45,790.28",0.49,Rural,86.17,28.41,0.00,17.29,4.07,82.95,343.23,9.48,1.67,4.51
REG-290,Region 290,Indiana,"46,544.00","11,649.00",258.81,"$63,191.16",0.48,Urban,79.19,44.27,0.00,2.11,3.19,86.55,404.08,0.33,1.70,2.81
REG-291,Region 291,Indiana,"36,495.00","41,227.00",150.84,"$44,974.19",0.54,Rural,40.72,29.16,0.00,17.44,3.08,69.22,376.94,4.44,1.19,4.49
REG-292,Region 292,Indiana,"88,287.00","25,462.00",463.02,"$69,032.59",0.70,Urban,57.07,32.43,0.00,12.62,8.86,56.17,466.45,0.20,0.85,6.35
REG-293,Region 293,Indiana,"100,992.00","33,120.00",747.84,"$51,274.97",0.61,Rural,67.03,29.66,0.00,18.48,4.88,61.47,251.70,6.34,1.72,1.75
REG-294,Region 294,Indiana,"43,782.00","10,320.00",197.84,"$58,570.47",0.89,Urban,74.06,21.30,1.00,4.45,7.87,53.21,245.14,8.00,1.30,3.47
REG-295,Region 295,Indiana,"62,964.00","20,982.00",219.26,"$45,740.58",0.87,Urban,71.55,20.71,2.00,13.88,3.01,57.41,486.66,10.33,0.76,9.50
REG-296,Region 296,Indiana,"10,412.00","57,437.00",599.20,"$48,581.00",0.81,Urban,89.63,16.20,3.00,14.35,7.12,88.18,425.61,6.66,2.94,2.10
REG-297,Region 297,Indiana,"121,501.00","4,919.00",324.72,"$47,913.31",0.71,Rural,73.66,36.81,0.00,6.96,6.33,73.74,266.69,1.50,0.54,6.27
REG-298,Region 298,Indiana,"15,088.00","57,469.00",226.85,"$69,745.82",0.85,Rural,80.23,38.35,3.00,15.02,5.93,84.53,474.17,2.55,0.63,4.62
REG-299,Region 299,Indiana,"119,149.00","51,490.00",494.10,"$77,436.61",0.77,Rural,74.72,17.77,2.00,7.11,7.72,69.89,416.25,7.18,0.68,10.00
REG-300,Region 300,Indiana,"13,403.00","10,619.00",634.01,"$72,811.68",0.81,Urban,70.21,49.69,1.00,2.74,7.64,76.29,330.08,8.16,1.66,5.15
REG-301,Region 301,Indiana,"125,960.00","41,936.00",757.75,"$78,100.46",0.69,Urban,55.47,42.93,1.00,11.26,7.12,86.20,477.28,10.36,0.61,9.77
REG-302,Region 302,Indiana,"101,435.00","27,230.00",423.05,"$50,510.19",0.78,Urban,80.11,17.50,3.00,13.83,3.80,82.75,150.50,1.67,2.56,3.41
REG-303,Region 303,Indiana,"47,790.00","48,091.00",359.13,"$57,603.54",0.45,Rural,49.82,19.40,1.00,9.45,8.51,59.18,377.13,11.22,2.41,2.52
REG-304,Region 304,Indiana,"34,654.00","21,813.00",767.30,"$74,987.99",0.82,Urban,56.09,13.94,1.00,2.17,3.49,73.10,281.43,10.99,2.09,2.00
REG-305,Region 305,Indiana,"130,793.00","50,590.00",245.52,"$47,282.38",0.60,Rural,87.17,25.99,3.00,16.42,5.50,78.38,294.51,2.55,2.40,3.51
REG-306,Region 306,Indiana,"109,617.00","24,061.00",766.49,"$43,607.28",0.85,Urban,63.85,20.74,1.00,17.11,3.16,86.50,274.62,8.08,1.46,6.62
REG-307,Region 307,Indiana,"142,767.00","58,843.00",491.04,"$72,605.16",0.64,Urban,55.05,33.47,2.00,3.70,6.60,77.76,241.57,8.01,1.50,9.00
REG-308,Region 308,Indiana,"104,040.00","28,422.00",230.10,"$68,338.12",0.54,Rural,76.26,38.76,2.00,19.54,9.34,62.17,205.40,4.61,2.62,4.74
REG-309,Region 309,Indiana,"124,666.00","27,080.00",294.98,"$63,831.68",0.63,Urban,69.26,22.47,2.00,19.94,6.73,84.47,223.07,7.17,1.14,9.98
REG-310,Region 310,Indiana,"101,637.00","55,428.00",795.50,"$63,706.63",0.62,Urban,56.75,34.01,3.00,13.96,4.28,53.85,455.48,8.92,1.52,5.29
REG-311,Region 311,Indiana,"139,264.00","59,634.00",566.18,"$59,121.47",0.42,Urban,60.44,41.10,0.00,2.15,9.57,74.47,182.63,2.43,2.24,2.38
REG-312,Region 312,Indiana,"147,173.00","29,935.00",212.80,"$44,798.40",0.44,Urban,51.81,47.95,1.00,11.53,7.13,53.35,263.07,0.74,1.69,4.38
REG-313,Region 313,Indiana,"51,134.00","56,732.00",83.93,"$52,334.99",0.80,Rural,65.48,29.28,3.00,2.00,8.94,87.35,324.81,1.06,0.59,1.28
REG-314,Region 314,Indiana,"71,115.00","42,200.00",621.36,"$47,157.99",0.64,Urban,51.82,31.51,1.00,9.94,3.95,67.87,372.20,7.29,1.49,4.90
REG-315,Region 315,Indiana,"62,187.00","49,925.00",608.21,"$65,975.73",0.53,Urban,64.34,29.19,1.00,2.08,9.96,66.21,216.19,7.77,2.36,9.11
REG-316,Region 316,Indiana,"140,472.00","45,764.00",327.66,"$54,150.22",0.75,Urban,61.29,23.44,0.00,17.35,5.04,51.87,429.64,8.15,0.59,5.43
REG-317,Region 317,Indiana,"51,368.00","54,831.00",748.87,"$67,358.75",0.54,Urban,57.68,23.16,0.00,4.94,6.66,55.05,467.64,0.01,1.78,7.07
REG-318,Region 318,Indiana,"140,415.00","57,749.00",517.91,"$87,608.18",0.72,Urban,54.32,32.48,1.00,15.22,4.70,71.78,316.58,6.93,2.74,5.20
REG-319,Region 319,Indiana,"70,861.00","13,786.00",769.35,"$67,533.83",0.84,Rural,77.65,35.28,1.00,2.90,5.64,63.05,281.96,5.01,1.46,7.97
REG-320,Region 320,Indiana,"79,995.00","59,722.00",640.63,"$76,854.09",0.53,Urban,64.06,29.54,0.00,19.28,5.31,89.15,255.58,5.62,1.22,7.04
REG-321,Region 321,Indiana,"48,364.00","44,319.00",513.85,"$63,871.30",0.77,Rural,53.30,12.88,1.00,8.05,4.53,62.35,480.32,7.60,0.54,2.08
REG-322,Region 322,Indiana,"23,896.00","25,930.00",775.15,"$54,664.95",0.84,Urban,71.54,20.21,2.00,19.72,4.59,54.37,392.87,7.21,2.34,8.57
REG-323,Region 323,Indiana,"82,996.00","59,460.00",416.79,"$70,243.82",0.55,Rural,88.36,20.55,1.00,8.70,5.52,84.49,228.46,2.64,1.27,3.59
REG-324,Region 324,Indiana,"102,273.00","46,180.00",196.96,"$74,694.45",0.75,Urban,86.62,35.86,0.00,4.32,3.77,85.72,456.08,2.85,1.44,2.96
REG-325,Region 325,Indiana,"143,882.00","32,247.00",393.07,"$77,923.46",0.46,Urban,56.07,16.32,2.00,19.11,3.63,79.09,433.33,1.08,1.75,4.92
REG-326,Region 326,Indiana,"54,634.00","26,141.00",62.46,"$47,704.31",0.89,Rural,51.38,20.87,0.00,8.98,5.12,80.29,305.48,11.49,2.44,8.46
REG-327,Region 327,Indiana,"77,225.00","11,891.00",571.60,"$43,491.69",0.87,Urban,83.95,24.64,2.00,11.73,3.06,59.50,271.94,4.00,1.53,4.69
REG-328,Region 328,Indiana,"90,495.00","45,384.00",313.94,"$63,717.24",0.85,Urban,86.26,12.26,2.00,14.06,6.64,56.09,429.56,10.54,2.97,5.20
REG-329,Region 329,Indiana,"105,687.00","36,045.00",570.01,"$40,901.74",0.67,Rural,64.97,44.07,0.00,11.74,6.65,55.88,488.18,1.15,1.14,9.65
REG-330,Region 330,Indiana,"104,648.00","33,568.00",551.41,"$47,830.89",0.77,Urban,50.24,47.28,1.00,15.84,5.19,87.48,436.05,0.88,1.39,6.81
REG-331,Region 331,Indiana,"28,034.00","31,513.00",329.53,"$59,071.61",0.90,Urban,63.70,48.38,2.00,18.67,5.24,72.77,190.11,8.31,0.79,1.00
REG-332,Region 332,Indiana,"34,627.00","54,730.00",475.85,"$83,616.53",0.74,Urban,76.01,48.31,1.00,3.23,7.78,68.11,421.79,11.51,1.50,1.85
REG-333,Region 333,Indiana,"21,835.00","47,302.00",228.66,"$53,936.67",0.50,Rural,85.12,32.29,3.00,11.69,3.80,50.13,486.50,6.89,2.80,6.55
REG-334,Region 334,Indiana,"122,755.00","57,532.00",374.08,"$64,564.06",0.61,Urban,56.89,11.33,1.00,17.29,5.27,51.71,172.20,8.62,1.80,7.74
REG-335,Region 335,Indiana,"23,978.00","8,704.00",347.30,"$51,064.62",0.78,Urban,46.25,42.90,3.00,2.08,4.39,82.47,216.76,4.43,1.01,2.52
REG-336,Region 336,Indiana,"65,103.00","38,505.00",215.89,"$55,651.31",0.78,Rural,74.96,27.60,1.00,9.37,9.51,64.59,447.66,7.46,1.34,3.73
REG-337,Region 337,Indiana,"50,837.00","11,204.00",299.92,"$78,760.59",0.44,Urban,54.27,18.65,0.00,12.58,7.09,73.29,299.80,4.42,1.66,6.53
REG-338,Region 338,Indiana,"20,436.00","19,450.00",298.73,"$42,117.34",0.49,Rural,86.60,32.69,1.00,18.87,7.68,52.24,235.49,4.64,1.89,5.47
REG-339,Region 339,Indiana,"62,384.00","19,079.00",139.56,"$75,226.88",0.83,Urban,47.52,20.21,1.00,17.46,7.24,82.90,279.57,1.12,0.93,1.16
REG-340,Region 340,Indiana,"17,739.00","8,979.00",635.98,"$64,037.53",0.64,Urban,66.78,28.77,1.00,17.95,7.56,58.38,190.72,5.64,1.56,8.99
REG-341,Region 341,Indiana,"63,205.00","19,767.00",713.04,"$45,924.31",0.69,Rural,68.71,19.54,0.00,17.61,9.49,56.20,178.10,5.36,1.07,2.99
REG-342,Region 342,Indiana,"76,566.00","7,570.00",99.28,"$68,039.89",0.79,Urban,51.46,16.37,1.00,11.51,3.74,58.72,189.70,8.06,2.77,8.44
REG-343,Region 343,Indiana,"125,549.00","32,710.00",638.14,"$79,642.74",0.78,Urban,59.84,49.10,3.00,14.89,3.34,58.88,452.35,8.49,1.93,4.40
REG-344,Region 344,Indiana,"84,406.00","46,533.00",432.21,"$48,498.49",0.81,Urban,44.12,42.78,2.00,4.44,8.21,89.41,208.34,10.78,1.11,8.95
REG-345,Region 345,Indiana,"96,754.00","23,729.00",505.82,"$81,527.12",0.44,Rural,67.35,38.27,1.00,8.82,5.41,63.06,342.95,8.64,2.16,5.96
REG-346,Region 346,Indiana,"101,690.00","21,509.00",675.97,"$46,208.45",0.47,Urban,56.20,32.54,0.00,4.24,3.58,73.54,254.04,5.79,1.47,5.19
REG-347,Region 347,Indiana,"74,918.00","23,548.00",209.09,"$46,979.73",0.88,Urban,41.80,23.65,0.00,10.46,8.32,56.58,480.87,7.34,0.75,9.15
REG-348,Region 348,Indiana,"144,076.00","30,534.00",653.60,"$80,849.17",0.80,Urban,48.69,12.05,0.00,3.48,6.70,89.94,493.38,9.88,1.63,7.58
REG-349,Region 349,Indiana,"13,444.00","24,049.00",379.24,"$80,189.33",0.52,Rural,83.06,34.66,2.00,2.47,9.68,78.55,161.61,8.46,1.28,2.42
REG-350,Region 350,Indiana,"27,195.00","15,872.00",793.74,"$84,961.15",0.87,Urban,57.09,38.84,0.00,16.82,7.06,81.52,407.24,3.34,1.70,7.54
REG-351,Region 351,Indiana,"135,283.00","26,140.00",680.93,"$81,481.35",0.67,Urban,66.22,18.84,0.00,9.87,3.42,77.83,283.58,11.79,0.53,4.62
REG-352,Region 352,Indiana,"22,965.00","56,759.00",550.07,"$61,557.49",0.50,Urban,55.59,45.55,2.00,13.10,7.68,57.97,334.34,1.59,2.03,8.51
REG-353,Region 353,Indiana,"75,851.00","33,693.00",691.54,"$48,001.12",0.61,Urban,64.12,13.52,3.00,7.48,6.26,63.70,241.20,9.41,2.54,5.67
REG-354,Region 354,Indiana,"103,971.00","22,578.00",370.67,"$68,595.00",0.41,Urban,40.12,18.82,3.00,3.05,4.02,88.00,170.71,1.11,1.87,5.64
REG-355,Region 355,Indiana,"123,952.00","38,522.00",608.06,"$76,734.27",0.72,Urban,41.68,34.25,0.00,4.59,4.02,82.90,365.91,2.62,2.39,3.79
REG-356,Region 356,Indiana,"100,499.00","58,774.00",557.81,"$88,964.60",0.84,Rural,46.79,27.33,2.00,3.44,7.15,82.94,236.94,0.55,2.12,3.87
REG-357,Region 357,Indiana,"44,211.00","47,967.00",385.83,"$71,733.78",0.78,Rural,63.32,10.61,0.00,9.25,8.66,54.90,312.28,9.90,0.84,3.48
REG-358,Region 358,Indiana,"35,453.00","24,581.00",668.40,"$89,527.52",0.87,Rural,41.90,38.26,1.00,8.17,5.70,81.44,448.37,10.30,2.85,5.49
REG-359,Region 359,Indiana,"22,387.00","54,403.00",109.11,"$45,643.49",0.51,Rural,61.92,26.34,3.00,10.52,7.29,53.31,393.66,1.45,0.65,1.07
REG-360,Region 360,Indiana,"66,421.00","37,742.00",215.63,"$44,877.10",0.84,Urban,68.01,45.30,0.00,11.40,5.80,83.72,159.84,0.89,1.56,2.15
REG-361,Region 361,Indiana,"127,323.00","41,183.00",100.19,"$53,108.70",0.43,Rural,89.90,13.50,2.00,3.83,9.22,57.56,160.37,9.20,2.17,8.66
REG-362,Region 362,Indiana,"114,787.00","45,114.00",518.31,"$48,740.25",0.69,Rural,80.09,24.97,1.00,12.91,8.11,68.86,273.37,4.03,1.58,2.26
REG-363,Region 363,Indiana,"125,586.00","23,360.00",80.64,"$48,070.63",0.44,Rural,55.43,48.31,0.00,4.11,9.17,76.58,349.87,6.49,0.83,2.32
REG-364,Region 364,Indiana,"16,131.00","8,915.00",499.94,"$55,131.63",0.78,Rural,88.96,21.86,2.00,15.91,8.52,51.84,179.59,4.97,2.91,3.42
REG-365,Region 365,Indiana,"78,005.00","27,799.00",527.02,"$80,178.90",0.42,Urban,77.83,40.37,1.00,8.98,8.35,53.16,287.78,11.64,1.45,1.42
REG-366,Region 366,Indiana,"55,736.00","7,663.00",470.11,"$83,686.81",0.78,Urban,67.89,31.25,2.00,4.74,3.66,66.14,360.81,0.14,1.56,1.52
REG-367,Region 367,Indiana,"87,761.00","59,869.00",187.28,"$71,156.77",0.54,Urban,42.26,11.00,3.00,10.44,6.15,69.75,455.24,10.77,0.64,5.69
REG-368,Region 368,Indiana,"56,384.00","37,650.00",303.96,"$47,792.45",0.85,Rural,89.96,20.09,0.00,19.62,5.30,84.62,170.02,8.78,1.36,3.96
REG-369,Region 369,Indiana,"132,426.00","39,292.00",476.06,"$63,747.19",0.55,Urban,41.11,40.03,0.00,18.73,6.26,55.96,386.54,8.88,2.12,4.21
REG-370,Region 370,Indiana,"124,127.00","42,689.00",162.09,"$41,762.40",0.56,Rural,76.63,10.67,3.00,16.21,4.89,81.90,449.74,9.04,1.02,6.34
REG-371,Region 371,Indiana,"122,184.00","51,850.00",112.48,"$82,176.09",0.75,Urban,81.21,39.64,0.00,7.66,3.97,81.09,388.97,5.42,2.21,4.10
REG-372,Region 372,Indiana,"80,281.00","7,640.00",778.71,"$71,994.98",0.58,Urban,54.61,16.41,1.00,10.14,4.30,54.02,214.48,6.04,1.00,6.79
REG-373,Region 373,Indiana,"34,986.00","23,958.00",683.31,"$67,710.80",0.50,Rural,41.28,35.46,1.00,2.30,5.12,78.93,402.74,5.66,0.73,8.51
REG-374,Region 374,Indiana,"78,180.00","43,529.00",509.82,"$50,920.30",0.47,Rural,41.65,30.99,2.00,10.02,7.80,87.32,288.65,9.80,2.96,6.68
REG-375,Region 375,Indiana,"62,059.00","37,833.00",480.26,"$78,103.57",0.68,Urban,50.05,40.99,0.00,15.76,5.55,71.31,373.89,7.22,0.75,2.33
REG-376,Region 376,Indiana,"41,991.00","19,079.00",616.51,"$83,805.40",0.90,Urban,71.99,49.43,3.00,19.67,9.02,60.61,433.71,11.16,2.89,1.45
REG-377,Region 377,Indiana,"115,205.00","34,087.00",57.75,"$78,905.55",0.87,Urban,86.28,11.18,0.00,15.71,6.96,66.17,414.99,0.54,2.31,7.76
REG-378,Region 378,Indiana,"55,373.00","22,558.00",454.64,"$47,943.57",0.56,Rural,65.16,23.62,3.00,13.16,9.48,84.80,459.78,0.02,1.05,6.12
REG-379,Region 379,Indiana,"64,629.00","13,435.00",722.82,"$87,609.20",0.89,Urban,64.62,13.20,2.00,17.80,3.63,55.62,321.39,6.48,2.26,6.59
REG-380,Region 380,Indiana,"59,983.00","29,211.00",54.88,"$76,618.19",0.54,Urban,72.40,15.29,0.00,12.09,4.09,76.01,408.97,10.18,2.50,1.99
REG-381,Region 381,Indiana,"96,527.00","16,493.00",661.83,"$66,604.79",0.50,Urban,64.27,30.06,1.00,10.79,9.35,50.84,468.45,7.28,1.47,7.51
REG-382,Region 382,Indiana,"103,039.00","49,527.00",569.08,"$76,780.00",0.52,Urban,85.24,13.20,1.00,8.97,9.39,84.66,243.86,0.18,2.09,4.45
REG-383,Region 383,Indiana,"42,593.00","21,878.00",487.64,"$85,227.92",0.45,Rural,44.83,37.70,1.00,17.71,7.02,71.78,408.25,1.57,1.24,9.42
REG-384,Region 384,Indiana,"67,886.00","44,243.00",543.74,"$75,942.94",0.52,Urban,51.27,20.78,1.00,10.45,3.78,58.08,412.34,9.17,1.74,6.51
REG-385,Region 385,Indiana,"74,834.00","46,032.00",299.87,"$68,619.21",0.89,Urban,86.55,20.19,0.00,16.97,3.18,66.58,194.27,7.42,2.06,2.13
REG-386,Region 386,Indiana,"24,331.00","9,503.00",581.72,"$71,055.62",0.52,Rural,44.75,17.99,1.00,5.08,3.97,53.29,400.42,9.79,1.01,3.45
REG-387,Region 387,Indiana,"28,144.00","38,510.00",799.30,"$86,330.04",0.65,Rural,50.26,11.03,2.00,12.93,7.78,72.65,277.28,7.92,2.53,5.47
REG-388,Region 388,Indiana,"140,158.00","56,785.00",738.41,"$44,245.99",0.75,Rural,51.04,43.42,2.00,9.67,8.78,76.92,325.52,4.99,1.18,8.51
REG-389,Region 389,Indiana,"16,798.00","9,011.00",231.80,"$58,212.52",0.57,Urban,41.14,19.47,0.00,6.40,8.59,87.58,425.35,0.94,0.87,7.40
REG-390,Region 390,Indiana,"21,227.00","28,255.00",452.24,"$88,164.85",0.65,Urban,71.55,30.51,1.00,7.90,5.10,68.28,325.36,7.05,1.22,4.90
REG-391,Region 391,Indiana,"54,618.00","37,583.00",481.61,"$76,424.48",0.62,Rural,86.37,10.23,1.00,7.51,4.43,50.84,454.83,10.07,0.86,3.11
REG-392,Region 392,Indiana,"76,109.00","18,163.00",515.12,"$87,326.13",0.75,Rural,48.81,42.71,0.00,19.10,9.37,81.47,493.23,9.43,1.89,6.26
REG-393,Region 393,Indiana,"21,940.00","25,648.00",83.14,"$89,369.87",0.62,Urban,63.11,47.21,2.00,3.22,5.01,78.21,358.79,1.69,0.51,4.57
REG-394,Region 394,Indiana,"12,914.00","12,555.00",374.50,"$81,718.97",0.49,Rural,59.95,27.29,0.00,10.25,5.25,51.89,338.92,10.58,1.71,6.17
REG-395,Region 395,Indiana,"102,099.00","33,728.00",438.88,"$55,572.78",0.53,Urban,77.34,27.31,1.00,5.05,8.97,67.52,236.26,0.95,1.21,8.45
REG-396,Region 396,Indiana,"74,324.00","33,844.00",53.98,"$81,723.02",0.70,Urban,82.71,34.64,2.00,13.11,3.02,61.28,374.11,7.53,0.56,9.33
REG-397,Region 397,Indiana,"56,983.00","51,401.00",130.80,"$53,868.95",0.42,Rural,62.77,49.54,1.00,15.62,3.26,81.72,450.73,9.76,1.87,5.11
REG-398,Region 398,Indiana,"87,342.00","29,843.00",255.16,"$41,872.52",0.61,Rural,60.70,12.43,3.00,14.57,7.14,60.82,224.64,1.81,2.80,8.18
REG-399,Region 399,Indiana,"148,750.00","18,847.00",67.37,"$71,304.28",0.48,Urban,69.28,42.96,2.00,5.87,4.82,82.03,297.12,8.95,2.17,3.13
REG-400,Region 400,Indiana,"60,089.00","21,536.00",730.75,"$61,957.61",0.77,Rural,56.08,25.01,0.00,5.76,6.23,85.63,359.37,0.30,0.75,6.00
REG-401,Region 401,Indiana,"24,097.00","7,755.00",432.86,"$41,916.97",0.81,Urban,43.94,30.87,3.00,10.62,7.28,78.09,406.42,5.53,1.43,9.52
REG-402,Region 402,Indiana,"69,844.00","55,516.00",54.29,"$47,280.76",0.59,Urban,77.87,39.57,0.00,13.14,9.14,76.48,497.79,10.32,1.36,1.77
REG-403,Region 403,Indiana,"29,993.00","48,074.00",59.88,"$87,040.24",0.77,Urban,44.71,30.98,3.00,15.93,3.03,56.33,303.20,5.20,1.17,2.30
REG-404,Region 404,Indiana,"71,681.00","29,080.00",576.75,"$59,172.42",0.79,Urban,87.75,44.48,0.00,9.57,8.36,52.27,466.44,5.29,2.33,4.49
REG-405,Region 405,Indiana,"25,010.00","54,335.00",349.36,"$43,147.47",0.49,Urban,45.70,16.98,1.00,11.41,4.28,69.32,424.89,2.88,2.85,6.71
REG-406,Region 406,Indiana,"52,254.00","8,562.00",776.37,"$57,987.44",0.72,Urban,46.13,27.87,3.00,14.39,6.61,55.53,451.88,6.03,1.13,7.95
REG-407,Region 407,Indiana,"117,197.00","10,599.00",55.74,"$72,327.17",0.73,Urban,66.07,36.75,1.00,17.11,9.99,78.43,303.77,8.04,2.50,5.83
REG-408,Region 408,Indiana,"29,359.00","5,799.00",584.15,"$72,411.64",0.68,Urban,57.27,32.82,1.00,18.26,5.82,80.87,487.46,1.45,1.09,7.48
REG-409,Region 409,Indiana,"91,615.00","9,210.00",442.96,"$51,613.40",0.66,Rural,66.46,14.48,2.00,8.66,6.90,61.62,205.62,3.69,2.25,6.22
REG-410,Region 410,Indiana,"52,920.00","36,657.00",590.35,"$66,332.06",0.42,Rural,67.65,29.23,1.00,16.15,5.72,62.32,276.81,3.63,0.90,1.58
REG-411,Region 411,Indiana,"71,698.00","7,767.00",479.32,"$49,147.34",0.77,Rural,48.33,44.92,3.00,19.28,6.58,78.53,204.58,10.14,0.63,9.26
REG-412,Region 412,Indiana,"69,519.00","8,349.00",604.50,"$83,103.09",0.53,Rural,41.77,11.56,0.00,5.45,4.94,68.65,412.22,8.51,1.42,1.88
REG-413,Region 413,Indiana,"127,758.00","42,078.00",546.47,"$77,760.09",0.82,Rural,64.08,18.50,1.00,3.50,3.68,85.02,314.38,3.94,2.54,8.04
REG-414,Region 414,Indiana,"83,986.00","35,517.00",564.79,"$65,688.36",0.74,Urban,87.89,11.10,1.00,7.20,4.44,76.70,426.77,3.11,2.14,6.30
REG-415,Region 415,Indiana,"101,958.00","20,035.00",687.91,"$88,751.00",0.76,Rural,69.30,42.26,1.00,2.18,8.63,87.02,398.48,10.49,2.55,1.93
REG-416,Region 416,Indiana,"85,359.00","24,178.00",670.46,"$54,175.67",0.85,Urban,70.90,31.90,2.00,10.03,8.15,75.98,298.02,7.77,0.98,9.85
REG-417,Region 417,Indiana,"15,337.00","27,381.00",444.90,"$45,359.34",0.64,Urban,81.14,25.74,1.00,4.16,3.82,59.38,250.91,5.02,0.87,8.85
REG-418,Region 418,Indiana,"81,664.00","59,664.00",637.34,"$49,280.37",0.51,Urban,74.53,20.40,1.00,2.35,5.29,68.92,398.71,6.31,1.96,1.80
REG-419,Region 419,Indiana,"129,403.00","7,106.00",358.05,"$66,971.74",0.77,Rural,57.58,49.45,2.00,9.11,6.54,60.64,266.37,2.01,1.44,8.60
REG-420,Region 420,Indiana,"35,207.00","15,051.00",237.04,"$68,318.09",0.48,Urban,60.94,49.40,0.00,16.53,5.70,73.82,282.31,10.42,1.87,3.13
REG-421,Region 421,Indiana,"103,633.00","29,534.00",733.81,"$52,098.61",0.81,Urban,83.32,44.25,1.00,13.55,8.79,66.21,170.40,1.27,0.75,7.63
REG-422,Region 422,Indiana,"144,449.00","56,480.00",375.72,"$79,731.67",0.41,Rural,67.21,17.01,1.00,11.05,3.09,88.70,452.44,1.78,2.14,10.00
REG-423,Region 423,Indiana,"41,599.00","51,477.00",462.75,"$54,737.54",0.45,Urban,51.91,26.38,1.00,12.97,5.06,86.30,173.66,0.37,2.70,3.08
REG-424,Region 424,Indiana,"10,929.00","12,006.00",192.00,"$60,121.99",0.70,Rural,76.44,30.70,2.00,8.61,3.60,65.74,213.89,2.04,2.74,8.54
REG-425,Region 425,Indiana,"52,390.00","33,809.00",431.09,"$53,135.60",0.85,Urban,43.58,16.99,2.00,5.35,3.37,64.78,179.54,1.22,2.33,7.16
REG-426,Region 426,Indiana,"81,366.00","49,701.00",681.24,"$86,312.72",0.73,Urban,84.59,24.40,3.00,7.45,8.43,74.56,467.92,5.34,0.58,7.71
REG-427,Region 427,Indiana,"69,387.00","9,587.00",286.96,"$85,178.52",0.64,Urban,89.36,24.02,2.00,6.49,5.05,73.56,320.91,10.48,2.68,4.50
REG-428,Region 428,Indiana,"50,751.00","36,594.00",221.90,"$57,165.76",0.52,Urban,83.43,48.69,2.00,15.69,7.33,76.94,296.39,2.09,2.45,6.37
REG-429,Region 429,Indiana,"26,101.00","14,714.00",657.04,"$58,317.31",0.54,Urban,75.44,46.31,2.00,18.10,3.30,57.64,414.65,4.41,1.10,1.79
REG-430,Region 430,Indiana,"79,620.00","23,376.00",706.76,"$67,390.79",0.63,Rural,70.46,25.87,2.00,19.82,5.74,59.93,394.84,1.01,0.56,7.02
REG-431,Region 431,Indiana,"10,158.00","4,155.00",135.33,"$79,564.87",0.61,Urban,48.77,34.44,1.00,11.62,6.22,52.36,257.68,7.52,1.20,4.42
REG-432,Region 432,Indiana,"126,341.00","10,442.00",267.11,"$84,641.09",0.50,Urban,56.59,40.86,1.00,12.76,7.22,75.03,300.34,7.65,1.11,4.52
REG-433,Region 433,Indiana,"44,662.00","38,450.00",789.37,"$44,457.89",0.68,Urban,67.25,30.19,2.00,8.81,5.50,85.60,287.96,0.24,2.40,8.14
REG-434,Region 434,Indiana,"126,189.00","13,397.00",487.76,"$66,719.21",0.50,Urban,40.19,20.15,0.00,10.35,4.62,84.54,483.95,10.29,1.15,3.27
REG-435,Region 435,Indiana,"54,521.00","20,804.00",472.88,"$68,264.52",0.85,Urban,52.92,36.88,1.00,16.69,7.83,77.31,183.96,5.26,2.91,9.20
REG-436,Region 436,Indiana,"14,659.00","54,411.00",634.73,"$75,510.41",0.48,Rural,70.14,14.25,1.00,19.01,5.47,79.52,323.80,10.72,2.17,1.37
REG-437,Region 437,Indiana,"38,131.00","44,918.00",650.98,"$84,045.82",0.44,Urban,72.15,27.15,3.00,7.03,7.45,77.37,342.15,7.13,2.11,2.38
REG-438,Region 438,Indiana,"137,060.00","30,339.00",282.33,"$42,615.66",0.57,Rural,40.31,30.14,1.00,15.12,5.61,78.76,181.81,10.97,2.55,3.49
REG-439,Region 439,Indiana,"115,933.00","41,518.00",413.66,"$65,522.18",0.59,Rural,52.61,14.36,2.00,9.02,3.94,69.88,378.87,1.45,1.03,1.38
REG-440,Region 440,Indiana,"32,380.00","18,217.00",694.44,"$78,469.43",0.52,Urban,57.61,31.50,3.00,17.02,7.08,71.16,210.75,2.12,2.89,6.01
REG-441,Region 441,Indiana,"67,828.00","41,218.00",534.23,"$70,837.34",0.77,Urban,78.76,22.92,3.00,14.29,4.23,65.94,359.76,3.64,1.54,7.40
REG-442,Region 442,Indiana,"103,254.00","7,656.00",77.45,"$41,909.97",0.61,Urban,43.23,43.57,0.00,8.80,9.11,67.12,384.84,11.37,2.01,5.26
REG-443,Region 443,Indiana,"49,529.00","37,779.00",217.43,"$41,758.75",0.56,Urban,72.72,47.43,3.00,16.74,8.11,61.89,401.75,11.50,1.18,8.68
REG-444,Region 444,Indiana,"92,061.00","55,816.00",360.24,"$73,815.25",0.54,Rural,41.38,48.31,1.00,2.25,3.70,73.43,410.99,4.73,2.65,7.55
REG-445,Region 445,Indiana,"20,078.00","5,724.00",294.71,"$66,819.13",0.51,Rural,57.37,34.86,0.00,19.66,9.18,81.89,391.38,10.61,2.49,4.03
REG-446,Region 446,Indiana,"83,615.00","18,734.00",729.47,"$64,068.36",0.82,Urban,89.75,27.86,0.00,4.25,5.91,60.61,156.83,4.99,1.00,7.19
REG-447,Region 447,Indiana,"147,858.00","5,401.00",559.89,"$85,419.48",0.79,Rural,83.62,11.49,2.00,8.45,5.10,89.06,367.21,11.29,0.75,6.01
REG-448,Region 448,Indiana,"94,233.00","56,229.00",678.44,"$76,412.50",0.57,Urban,56.74,13.93,2.00,13.96,8.49,76.12,249.24,0.97,1.18,3.29
REG-449,Region 449,Indiana,"99,113.00","46,275.00",204.46,"$79,499.14",0.81,Urban,46.55,25.89,2.00,17.80,3.13,51.67,372.63,4.18,0.54,2.73
REG-450,Region 450,Indiana,"96,663.00","44,177.00",747.79,"$70,827.17",0.62,Urban,60.78,16.71,3.00,3.43,3.61,87.22,346.12,8.43,2.59,3.45
REG-451,Region 451,Indiana,"88,461.00","26,974.00",759.63,"$70,005.70",0.52,Rural,72.46,38.68,1.00,19.47,4.98,69.66,310.23,10.65,2.06,6.88
REG-452,Region 452,Indiana,"63,095.00","23,744.00",554.83,"$66,673.33",0.80,Rural,73.06,10.14,2.00,9.71,7.60,57.11,469.56,10.47,2.45,3.21
REG-453,Region 453,Indiana,"125,405.00","50,442.00",208.29,"$41,965.06",0.75,Rural,40.53,34.53,0.00,8.37,3.41,68.17,414.76,9.18,2.34,3.58
REG-454,Region 454,Indiana,"103,209.00","9,088.00",772.73,"$46,375.36",0.57,Urban,71.57,23.73,2.00,17.67,7.85,69.59,169.81,4.79,1.51,2.66
REG-455,Region 455,Indiana,"72,425.00","57,681.00",180.95,"$65,694.22",0.48,Rural,55.77,44.31,0.00,18.65,7.73,79.36,326.69,4.44,2.79,6.56
REG-456,Region 456,Indiana,"15,602.00","6,272.00",66.29,"$68,924.40",0.63,Urban,62.23,11.61,3.00,14.13,7.64,69.08,250.97,2.96,1.64,8.11
REG-457,Region 457,Indiana,"79,452.00","15,742.00",700.45,"$82,115.41",0.64,Rural,44.39,39.89,2.00,14.15,4.38,59.91,191.42,11.92,2.00,2.18
REG-458,Region 458,Indiana,"25,397.00","39,164.00",577.28,"$89,741.04",0.69,Urban,62.56,41.44,1.00,10.95,4.00,58.04,273.16,2.89,1.66,3.38
REG-459,Region 459,Indiana,"19,159.00","41,532.00",789.06,"$69,176.83",0.56,Rural,61.40,35.58,1.00,18.25,3.47,86.55,496.97,6.81,2.64,8.59
REG-460,Region 460,Indiana,"24,640.00","40,094.00",62.91,"$48,404.85",0.86,Rural,65.83,31.22,3.00,18.96,5.45,68.53,241.46,11.97,1.45,6.08
REG-461,Region 461,Indiana,"105,476.00","53,192.00",637.09,"$67,473.86",0.67,Rural,87.68,34.41,2.00,6.46,3.55,60.00,362.23,1.23,2.07,7.94
REG-462,Region 462,Indiana,"49,252.00","29,485.00",284.38,"$75,055.11",0.86,Urban,67.19,17.07,2.00,3.04,3.12,81.40,150.36,10.80,2.02,1.49
REG-463,Region 463,Indiana,"25,456.00","53,995.00",666.19,"$67,558.81",0.51,Rural,74.90,33.48,2.00,3.58,9.18,53.37,293.66,8.05,1.88,6.66
REG-464,Region 464,Indiana,"107,851.00","43,733.00",621.60,"$61,015.55",0.75,Rural,69.60,37.55,2.00,3.85,3.92,78.20,458.83,5.95,0.52,1.84
REG-465,Region 465,Indiana,"29,514.00","10,294.00",668.95,"$82,169.95",0.71,Rural,67.53,11.00,3.00,19.77,8.82,69.64,413.20,4.47,1.53,9.40
REG-466,Region 466,Indiana,"19,904.00","30,005.00",301.02,"$79,500.03",0.44,Urban,72.74,31.16,3.00,10.70,4.49,75.65,172.55,10.87,0.69,8.74
REG-467,Region 467,Indiana,"21,676.00","46,134.00",289.54,"$67,999.30",0.81,Urban,87.62,37.36,1.00,12.16,9.19,64.75,189.36,8.47,0.52,4.31
REG-468,Region 468,Indiana,"128,017.00","28,076.00",282.83,"$54,591.07",0.79,Urban,61.91,41.79,0.00,15.16,5.03,86.61,495.60,8.25,2.46,3.92
REG-469,Region 469,Indiana,"26,829.00","19,319.00",280.48,"$84,059.79",0.57,Urban,76.09,25.12,3.00,7.07,4.75,69.77,447.31,6.28,2.58,1.72
REG-470,Region 470,Indiana,"102,596.00","19,298.00",595.38,"$40,413.06",0.89,Rural,73.08,20.58,3.00,19.62,7.21,67.08,219.46,7.30,1.61,2.48
REG-471,Region 471,Indiana,"21,528.00","39,905.00",326.08,"$50,941.26",0.42,Urban,53.96,48.12,1.00,6.35,6.15,50.88,331.23,10.74,1.97,5.92
REG-472,Region 472,Indiana,"42,529.00","37,786.00",348.89,"$78,932.98",0.47,Rural,54.07,10.13,3.00,16.97,8.85,80.16,319.59,9.31,2.30,2.78
REG-473,Region 473,Indiana,"131,077.00","19,376.00",653.57,"$55,457.68",0.68,Rural,66.50,16.53,1.00,6.01,6.52,76.24,235.43,9.81,2.60,5.57
REG-474,Region 474,Indiana,"15,835.00","4,956.00",367.39,"$48,231.70",0.69,Rural,88.58,48.86,0.00,10.06,8.56,89.08,225.18,11.72,1.49,1.11
REG-475,Region 475,Indiana,"149,366.00","27,371.00",138.74,"$62,336.48",0.75,Rural,52.79,41.07,3.00,11.80,5.80,86.37,233.33,11.82,0.78,9.41
REG-476,Region 476,Indiana,"35,267.00","40,771.00",189.51,"$83,063.77",0.71,Rural,68.37,43.51,1.00,5.52,5.42,71.90,451.86,3.65,1.51,3.86
REG-477,Region 477,Indiana,"138,615.00","57,502.00",732.54,"$47,430.74",0.69,Urban,76.41,46.59,2.00,18.63,5.95,54.19,305.39,3.75,1.93,3.50
REG-478,Region 478,Indiana,"29,372.00","37,971.00",188.55,"$80,849.93",0.42,Urban,89.69,49.00,0.00,14.37,6.93,60.16,186.25,6.60,2.29,8.29
REG-479,Region 479,Indiana,"107,929.00","38,483.00",133.51,"$70,872.05",0.78,Urban,86.99,15.05,2.00,18.40,3.28,67.83,365.87,3.95,0.64,2.53
REG-480,Region 480,Indiana,"141,390.00","4,220.00",190.72,"$48,649.30",0.67,Urban,85.88,21.55,1.00,16.02,6.11,52.36,161.01,9.00,0.94,7.86
REG-481,Region 481,Indiana,"98,365.00","54,309.00",581.04,"$45,001.28",0.58,Urban,82.41,21.50,1.00,5.59,4.41,65.60,392.09,7.89,2.30,4.39
REG-482,Region 482,Indiana,"133,118.00","25,311.00",284.61,"$73,001.95",0.74,Urban,69.00,21.79,2.00,11.20,3.75,69.44,301.71,1.16,1.87,4.77
REG-483,Region 483,Indiana,"134,210.00","47,247.00",715.05,"$89,470.47",0.44,Urban,58.29,39.19,1.00,17.46,7.92,81.86,458.43,8.72,2.91,2.28
REG-484,Region 484,Indiana,"113,810.00","7,431.00",227.77,"$45,980.45",0.66,Rural,51.83,29.19,3.00,10.10,9.27,86.37,180.87,7.36,0.72,7.00
REG-485,Region 485,Indiana,"31,680.00","50,329.00",698.23,"$48,098.80",0.44,Urban,57.91,25.11,3.00,5.29,5.60,84.50,336.68,8.24,1.06,5.99
REG-486,Region 486,Indiana,"64,884.00","28,742.00",329.62,"$59,734.85",0.67,Urban,81.90,25.40,3.00,12.11,5.18,68.18,214.70,0.12,1.80,2.36
REG-487,Region 487,Indiana,"27,358.00","32,466.00",612.46,"$83,349.36",0.80,Urban,62.74,25.59,2.00,12.91,8.28,71.92,275.85,4.61,1.77,1.93
REG-488,Region 488,Indiana,"96,543.00","52,747.00",111.16,"$83,330.31",0.85,Rural,79.47,36.02,0.00,15.59,8.22,89.50,315.55,2.04,2.93,9.46
REG-489,Region 489,Indiana,"85,361.00","34,852.00",165.80,"$63,097.21",0.59,Urban,78.42,19.46,2.00,5.91,3.99,76.73,229.33,3.94,1.38,5.67
REG-490,Region 490,Indiana,"92,301.00","44,371.00",87.04,"$80,292.77",0.77,Urban,83.90,38.06,1.00,15.64,3.65,76.81,274.79,7.10,2.39,1.61
REG-491,Region 491,Indiana,"138,773.00","20,698.00",255.08,"$80,761.15",0.74,Rural,54.15,40.00,3.00,10.00,9.77,71.98,306.80,4.60,1.13,9.14
REG-492,Region 492,Indiana,"102,416.00","51,901.00",85.56,"$45,127.35",0.63,Rural,76.40,27.10,0.00,16.71,7.36,61.29,246.86,4.32,2.24,6.60
REG-493,Region 493,Indiana,"39,180.00","27,598.00",347.12,"$71,029.82",0.84,Rural,80.19,35.48,1.00,6.80,8.81,70.89,198.96,3.57,1.15,9.62
REG-494,Region 494,Indiana,"149,362.00","39,423.00",341.02,"$49,217.55",0.68,Urban,58.59,32.36,0.00,12.96,6.24,65.28,163.39,5.68,0.93,4.44
REG-495,Region 495,Indiana,"83,392.00","48,556.00",244.44,"$55,750.90",0.86,Rural,56.46,28.05,0.00,6.48,9.05,61.93,178.12,2.57,1.62,1.89
REG-496,Region 496,Indiana,"76,102.00","56,391.00",568.56,"$58,397.26",0.63,Urban,77.13,35.87,0.00,11.23,5.29,56.71,454.08,3.90,1.34,6.84
REG-497,Region 497,Indiana,"31,426.00","36,101.00",440.92,"$61,218.91",0.74,Urban,59.30,16.30,0.00,12.64,9.16,87.30,335.34,8.80,1.30,6.35
REG-498,Region 498,Indiana,"15,127.00","22,540.00",95.21,"$70,269.87",0.57,Rural,58.88,16.18,1.00,7.14,8.62,60.04,320.14,9.30,2.36,4.98
REG-499,Region 499,Indiana,"117,644.00","7,998.00",285.19,"$73,871.97",0.53,Urban,58.56,22.23,3.00,9.82,5.04,67.88,430.61,1.12,0.72,1.82
REG-500,Region 500,Indiana,"20,431.00","39,371.00",777.19,"$40,376.02",0.86,Urban,66.66,38.79,1.00,9.52,3.00,68.34,298.82,4.53,0.72,6.87